id,cod_enti," cod_ubi_inei",cod_pais ,uo_nombre ,fecha,CO,H2S,NO2,O3,PM10,PM2,SO2,Ruido,UV,Humedad,Latitud,Longitud,Presion,Temperatura
596,10069,150122,PE,Subgerencia de Desarrollo Ambiental,26/10/2020 8:00,0.00,0.00,83.62,0.00,48.06,16.77,7.58,97.28,0.78,98.65,-12.11,-77.05,100702.00,16.19
131,10069,150122,PE,Subgerencia de Desarrollo Ambiental,06/10/2020 12:00,0.00,0.00,28.31,4.35,21.86,8.43,8.54,105.74,5.18,83.64,-12.11,-77.05,100732.82,19.67
150,10069,150122,PE,Subgerencia de Desarrollo Ambiental,07/10/2020 12:00,0.00,0.00,69.18,0.48,29.53,10.37,7.99,100.37,1.76,89.35,-12.11,-77.05,100720.17,17.54
681,10069,150122,PE,Subgerencia de Desarrollo Ambiental,29/10/2020 21:00,4.46,0.00,111.28,0.00,48.41,8.89,7.28,101.06,0.00,91.78,-12.11,-77.05,1007.73,16.75
217,10069,150122,PE,Subgerencia de Desarrollo Ambiental,10/10/2020 13:00,2.88,0.00,26.96,1.26,15.26,4.91,8.77,102.31,3.58,75.80,-12.11,-77.05,100715.12,20.41
173,10069,150122,PE,Subgerencia de Desarrollo Ambiental,08/10/2020 13:00,0.00,0.00,43.63,0.27,27.82,8.51,8.52,99.45,2.62,82.96,-12.11,-77.05,100750.99,19.21
91,10069,150122,PE,Subgerencia de Desarrollo Ambiental,04/10/2020 20:00,0.00,0.00,86.92,0.00,88.99,20.33,7.14,88.39,0.00,96.97,-12.11,-77.05,100625.10,15.57
491,10069,150122,PE,Subgerencia de Desarrollo Ambiental,21/10/2020 23:00,0.00,0.00,105.30,0.00,169.77,24.72,7.20,89.91,0.00,93.84,-12.11,-77.05,100664.03,16.26
531,10069,150122,PE,Subgerencia de Desarrollo Ambiental,23/10/2020 15:00,0.00,0.00,73.24,0.00,25.68,7.63,8.29,102.52,1.38,80.84,-12.11,-77.05,100534.36,18.91
434,10069,150122,PE,Subgerencia de Desarrollo Ambiental,19/10/2020 14:00,0.00,0.00,51.07,0.00,22.08,6.48,8.28,98.86,1.05,85.05,-12.11,-77.05,100427.53,18.81
65,10069,150122,PE,Subgerencia de Desarrollo Ambiental,03/10/2020 18:00,0.00,0.00,107.84,0.00,97.02,21.69,7.35,102.21,0.08,94.95,-12.11,-77.05,100480.64,16.40
290,10069,150122,PE,Subgerencia de Desarrollo Ambiental,13/10/2020 14:00,0.00,0.00,57.85,0.00,30.58,7.46,8.37,98.16,1.73,86.48,-12.11,-77.05,100526.86,18.46
316,10069,150122,PE,Subgerencia de Desarrollo Ambiental,14/10/2020 16:00,0.00,0.00,91.47,0.00,70.34,11.11,7.78,101.70,0.64,87.95,-12.11,-77.05,100575.57,17.49
408,10069,150122,PE,Subgerencia de Desarrollo Ambiental,18/10/2020 12:00,0.00,0.00,23.33,0.60,55.19,8.30,8.27,97.86,1.56,78.67,-12.11,-77.05,100838.59,19.14
541,10069,150122,PE,Subgerencia de Desarrollo Ambiental,24/10/2020 1:00,6.09,0.00,85.76,0.00,62.44,12.72,7.19,83.56,0.00,93.80,-12.11,-77.05,100850.35,16.39
298,10069,150122,PE,Subgerencia de Desarrollo Ambiental,13/10/2020 22:00,0.00,0.00,101.36,0.00,126.19,14.42,7.24,94.68,0.00,94.94,-12.11,-77.05,100691.69,16.20
158,10069,150122,PE,Subgerencia de Desarrollo Ambiental,07/10/2020 22:00,0.00,0.00,116.17,0.00,101.84,19.70,7.25,91.08,0.00,95.20,-12.11,-77.05,100802.25,16.44
425,10069,150122,PE,Subgerencia de Desarrollo Ambiental,19/10/2020 5:00,0.00,0.00,86.62,0.00,216.12,26.90,7.19,88.21,0.00,96.66,-12.11,-77.05,100494.16,16.37
540,10069,150122,PE,Subgerencia de Desarrollo Ambiental,24/10/2020 0:00,0.00,0.00,89.33,0.00,62.86,12.91,7.19,82.77,0.00,93.26,-12.11,-77.05,100919.26,16.58
607,10069,150122,PE,Subgerencia de Desarrollo Ambiental,26/10/2020 19:00,0.00,0.00,126.69,0.00,58.44,11.72,7.28,99.39,0.00,92.90,-12.11,-77.05,100602.46,16.70
233,10069,150122,PE,Subgerencia de Desarrollo Ambiental,11/10/2020 5:00,0.00,0.00,92.24,0.00,91.56,15.96,7.20,80.10,0.00,98.88,-12.11,-77.05,100591.45,15.50
712,10069,150122,PE,Subgerencia de Desarrollo Ambiental,31/10/2020 4:00,0.00,0.00,86.14,0.00,104.21,16.40,7.19,81.16,0.00,95.06,-12.11,-77.05,1006.50,16.23
280,10069,150122,PE,Subgerencia de Desarrollo Ambiental,13/10/2020 4:00,0.00,0.00,87.89,0.00,40.35,14.29,7.21,75.44,0.00,98.37,-12.11,-77.05,100428.32,15.50
701,10069,150122,PE,Subgerencia de Desarrollo Ambiental,30/10/2020 17:00,0.00,0.00,97.80,0.00,23.36,7.50,7.57,96.95,0.37,92.38,-12.11,-77.05,1007.20,16.96
619,10069,150122,PE,Subgerencia de Desarrollo Ambiental,27/10/2020 7:00,0.00,0.00,93.79,0.00,50.03,12.58,7.22,99.48,0.14,99.30,-12.11,-77.05,100688.48,15.52
196,10069,150122,PE,Subgerencia de Desarrollo Ambiental,09/10/2020 16:00,6.12,0.00,94.41,0.00,34.46,8.43,7.94,97.93,0.88,85.64,-12.11,-77.05,100538.90,18.05
8,10069,150122,PE,Subgerencia de Desarrollo Ambiental,01/10/2020 7:00,0.00,0.00,96.96,0.00,68.64,15.78,7.26,93.90,0.00,99.30,-12.11,-77.05,100688.16,15.72
391,10069,150122,PE,Subgerencia de Desarrollo Ambiental,17/10/2020 19:00,0.00,0.00,120.26,0.00,82.48,13.30,7.42,96.86,0.00,93.00,-12.11,-77.05,100512.78,17.08
168,10069,150122,PE,Subgerencia de Desarrollo Ambiental,08/10/2020 8:00,0.00,0.00,93.92,0.00,68.25,18.15,7.50,99.93,0.53,95.43,-12.11,-77.05,100903.79,16.91
40,10069,150122,PE,Subgerencia de Desarrollo Ambiental,02/10/2020 15:00,0.00,0.00,56.06,0.00,31.78,10.44,8.20,102.13,1.53,89.66,-12.11,-77.05,100576.85,17.90
1,10069,150122,PE,Subgerencia de Desarrollo Ambiental,01/10/2020 0:00,0.00,0.00,85.06,0.00,158.34,18.64,7.18,102.80,0.00,95.82,-12.11,-77.05,100576.84,16.18
508,10069,150122,PE,Subgerencia de Desarrollo Ambiental,22/10/2020 16:00,0.00,0.00,90.01,0.00,71.33,14.85,8.08,99.11,0.61,87.19,-12.11,-77.05,100519.07,18.28
585,10069,150122,PE,Subgerencia de Desarrollo Ambiental,25/10/2020 21:00,0.00,0.00,104.89,0.00,91.88,13.78,7.19,87.24,0.00,95.35,-12.11,-77.05,100758.78,16.14
503,10069,150122,PE,Subgerencia de Desarrollo Ambiental,22/10/2020 11:00,0.00,0.00,39.77,0.00,34.18,12.08,8.35,103.88,3.15,90.94,-12.11,-77.05,100659.44,17.49
521,10069,150122,PE,Subgerencia de Desarrollo Ambiental,23/10/2020 5:00,0.00,0.00,87.44,0.00,74.33,18.17,7.17,75.05,0.00,97.08,-12.11,-77.05,100573.82,15.44
351,10069,150122,PE,Subgerencia de Desarrollo Ambiental,16/10/2020 3:00,0.00,0.00,89.06,0.00,91.47,17.52,7.23,67.91,0.00,97.58,-12.11,-77.05,100481.64,16.10
536,10069,150122,PE,Subgerencia de Desarrollo Ambiental,23/10/2020 20:00,0.00,0.00,116.40,0.00,80.14,15.44,7.33,95.94,0.00,93.44,-12.11,-77.05,100863.30,16.92
291,10069,150122,PE,Subgerencia de Desarrollo Ambiental,13/10/2020 15:00,0.00,0.00,86.80,0.00,39.00,8.39,8.13,103.07,1.04,86.95,-12.11,-77.05,100465.64,18.38
155,10069,150122,PE,Subgerencia de Desarrollo Ambiental,07/10/2020 17:00,0.00,0.00,116.89,0.00,42.46,12.49,7.54,101.12,0.27,92.92,-12.11,-77.05,100537.53,17.07
528,10069,150122,PE,Subgerencia de Desarrollo Ambiental,23/10/2020 12:00,0.00,0.00,27.68,0.17,23.27,7.36,8.50,103.31,3.09,83.91,-12.11,-77.05,100683.06,18.94
164,10069,150122,PE,Subgerencia de Desarrollo Ambiental,08/10/2020 4:00,0.00,0.00,89.77,0.00,58.62,16.56,7.20,84.20,0.00,97.31,-12.11,-77.05,100685.51,15.88
613,10069,150122,PE,Subgerencia de Desarrollo Ambiental,27/10/2020 1:00,81.82,0.05,91.99,0.00,65.04,12.48,7.19,82.01,0.00,97.35,-12.11,-77.05,100689.34,15.66
33,10069,150122,PE,Subgerencia de Desarrollo Ambiental,02/10/2020 8:00,0.00,0.00,87.78,0.00,46.23,11.22,7.32,99.02,0.31,98.69,-12.11,-77.05,100663.64,16.07
380,10069,150122,PE,Subgerencia de Desarrollo Ambiental,17/10/2020 8:00,0.00,0.00,84.23,0.00,74.35,16.03,7.49,98.71,0.31,95.93,-12.11,-77.05,100635.00,17.00
210,10069,150122,PE,Subgerencia de Desarrollo Ambiental,10/10/2020 6:00,0.00,0.00,93.97,0.00,94.41,16.70,7.23,84.96,0.00,95.40,-12.11,-77.05,100806.30,15.92
273,10069,150122,PE,Subgerencia de Desarrollo Ambiental,12/10/2020 21:00,0.00,0.00,114.62,0.00,82.24,17.39,7.25,99.63,0.00,97.10,-12.11,-77.05,100498.37,16.18
67,10069,150122,PE,Subgerencia de Desarrollo Ambiental,03/10/2020 20:00,0.00,0.00,114.47,0.00,159.68,25.08,7.22,98.16,0.00,96.56,-12.11,-77.05,100614.84,16.03
197,10069,150122,PE,Subgerencia de Desarrollo Ambiental,09/10/2020 17:00,1.19,0.00,107.81,0.00,31.05,8.63,7.60,96.63,0.26,89.15,-12.11,-77.05,100558.37,17.10
184,10069,150122,PE,Subgerencia de Desarrollo Ambiental,09/10/2020 4:00,0.00,0.00,88.27,0.00,70.42,15.20,7.22,81.67,0.00,96.89,-12.11,-77.05,100715.51,15.91
28,10069,150122,PE,Subgerencia de Desarrollo Ambiental,02/10/2020 3:00,0.00,0.00,78.61,0.00,62.82,11.87,7.19,73.76,0.00,99.30,-12.11,-77.05,100522.21,15.42
278,10069,150122,PE,Subgerencia de Desarrollo Ambiental,13/10/2020 2:00,0.00,0.00,87.53,0.00,59.86,13.18,7.20,73.90,0.00,97.54,-12.11,-77.05,100432.81,15.78
700,10069,150122,PE,Subgerencia de Desarrollo Ambiental,30/10/2020 16:00,0.97,0.00,102.02,0.00,27.15,8.48,7.62,95.46,0.52,92.29,-12.11,-77.05,1006.88,17.06
627,10069,150122,PE,Subgerencia de Desarrollo Ambiental,27/10/2020 15:00,0.00,0.00,81.67,0.00,30.15,9.10,8.06,100.71,1.37,91.86,-12.11,-77.05,100587.59,17.73
17,10069,150122,PE,Subgerencia de Desarrollo Ambiental,01/10/2020 16:00,0.00,0.00,89.39,0.00,63.51,11.40,7.97,110.85,0.84,86.47,-12.11,-77.05,100477.12,18.35
152,10069,150122,PE,Subgerencia de Desarrollo Ambiental,07/10/2020 14:00,0.00,0.00,68.39,0.70,27.94,9.42,8.12,99.37,1.83,88.75,-12.11,-77.05,100604.88,17.76
11,10069,150122,PE,Subgerencia de Desarrollo Ambiental,01/10/2020 10:00,0.00,0.00,30.27,0.00,24.07,8.17,8.42,97.53,4.54,95.15,-12.11,-77.05,100776.10,17.24
38,10069,150122,PE,Subgerencia de Desarrollo Ambiental,02/10/2020 13:00,0.00,0.00,13.56,0.42,25.37,9.21,8.56,99.63,2.34,88.82,-12.11,-77.05,100689.77,18.59
565,10069,150122,PE,Subgerencia de Desarrollo Ambiental,25/10/2020 1:00,0.00,0.00,89.53,0.00,43.63,10.15,7.18,80.17,0.00,96.27,-12.11,-77.05,100739.42,16.35
307,10069,150122,PE,Subgerencia de Desarrollo Ambiental,14/10/2020 7:00,0.00,0.00,105.92,0.00,47.27,11.12,7.29,104.87,0.11,97.33,-12.11,-77.05,100593.92,15.85
140,10069,150122,PE,Subgerencia de Desarrollo Ambiental,07/10/2020 2:00,0.00,0.00,85.49,0.00,57.55,10.84,7.17,85.49,0.00,96.76,-12.11,-77.05,100678.63,16.12
622,10069,150122,PE,Subgerencia de Desarrollo Ambiental,27/10/2020 10:00,0.00,0.00,69.95,0.00,43.68,11.55,7.70,97.23,1.15,96.10,-12.11,-77.05,100807.82,16.57
358,10069,150122,PE,Subgerencia de Desarrollo Ambiental,16/10/2020 10:00,0.00,0.00,56.40,0.00,49.57,15.94,8.11,96.78,1.29,91.16,-12.11,-77.05,100642.18,18.41
412,10069,150122,PE,Subgerencia de Desarrollo Ambiental,18/10/2020 16:00,0.00,0.00,68.38,0.00,60.89,10.06,8.45,94.02,0.41,80.67,-12.11,-77.05,100589.16,20.06
599,10069,150122,PE,Subgerencia de Desarrollo Ambiental,26/10/2020 11:00,0.00,0.00,33.74,0.12,44.14,17.08,8.27,99.30,2.35,94.22,-12.11,-77.05,100776.25,17.37
571,10069,150122,PE,Subgerencia de Desarrollo Ambiental,25/10/2020 7:00,0.00,0.00,97.63,0.00,37.06,17.62,7.27,84.51,0.16,98.38,-12.11,-77.05,100711.41,15.90
676,10069,150122,PE,Subgerencia de Desarrollo Ambiental,29/10/2020 16:00,0.00,0.00,97.82,0.00,27.59,8.28,8.04,102.53,0.93,88.58,-12.11,-77.05,1005.52,17.94
207,10069,150122,PE,Subgerencia de Desarrollo Ambiental,10/10/2020 3:00,0.00,0.00,87.99,0.00,91.05,14.81,7.20,79.21,0.00,93.52,-12.11,-77.05,100784.75,16.20
348,10069,150122,PE,Subgerencia de Desarrollo Ambiental,16/10/2020 0:00,0.00,0.00,94.61,0.00,238.06,31.07,7.23,84.38,0.00,95.86,-12.11,-77.05,100591.72,16.48
616,10069,150122,PE,Subgerencia de Desarrollo Ambiental,27/10/2020 4:00,0.00,0.00,87.32,0.00,55.99,12.32,7.17,66.48,0.00,99.02,-12.11,-77.05,100564.28,15.36
19,10069,150122,PE,Subgerencia de Desarrollo Ambiental,01/10/2020 18:00,0.17,0.00,118.15,0.00,84.30,13.88,7.31,109.92,0.03,92.59,-12.11,-77.05,100489.01,16.80
372,10069,150122,PE,Subgerencia de Desarrollo Ambiental,17/10/2020 0:00,0.00,0.00,90.36,0.00,254.59,30.37,7.24,80.38,0.00,95.74,-12.11,-77.05,100604.78,16.54
458,10069,150122,PE,Subgerencia de Desarrollo Ambiental,20/10/2020 14:00,0.00,0.00,21.89,4.14,34.55,9.62,8.94,104.47,1.06,71.16,-12.11,-77.05,100573.68,21.92
674,10069,150122,PE,Subgerencia de Desarrollo Ambiental,29/10/2020 14:00,0.00,0.00,70.86,0.00,28.15,8.25,8.35,103.43,1.87,83.51,-12.11,-77.05,1006.39,18.90
715,10069,150122,PE,Subgerencia de Desarrollo Ambiental,31/10/2020 7:00,0.00,0.00,95.56,0.00,92.78,14.30,7.21,96.72,0.09,98.16,-12.11,-77.05,1007.62,15.64
493,10069,150122,PE,Subgerencia de Desarrollo Ambiental,22/10/2020 1:00,0.00,0.00,91.83,0.00,94.42,20.99,7.19,93.20,0.00,96.50,-12.11,-77.05,100549.00,15.96
328,10069,150122,PE,Subgerencia de Desarrollo Ambiental,15/10/2020 4:00,0.00,0.00,95.32,0.00,478.16,57.06,7.23,77.56,0.00,98.47,-12.11,-77.05,100379.70,15.47
284,10069,150122,PE,Subgerencia de Desarrollo Ambiental,13/10/2020 8:00,19.29,0.00,97.17,0.00,49.27,11.71,7.27,100.99,0.23,98.79,-12.11,-77.05,100689.15,16.01
344,10069,150122,PE,Subgerencia de Desarrollo Ambiental,15/10/2020 20:00,0.61,0.00,123.75,0.00,77.04,13.86,7.42,99.98,0.00,92.67,-12.11,-77.05,100554.48,17.33
641,10069,150122,PE,Subgerencia de Desarrollo Ambiental,28/10/2020 5:00,0.00,0.00,83.97,0.00,28.68,8.42,7.19,68.14,0.00,97.14,-12.11,-77.05,100758.07,15.74
48,10069,150122,PE,Subgerencia de Desarrollo Ambiental,02/10/2020 23:00,0.00,0.00,98.32,0.00,187.09,27.75,7.24,92.50,0.00,97.48,-12.11,-77.05,100775.61,16.36
610,10069,150122,PE,Subgerencia de Desarrollo Ambiental,26/10/2020 22:00,0.00,0.00,107.98,0.00,65.92,12.21,7.21,103.00,0.00,95.06,-12.11,-77.05,100743.41,16.24
625,10069,150122,PE,Subgerencia de Desarrollo Ambiental,27/10/2020 13:00,0.00,0.00,50.82,0.00,38.07,12.16,8.24,100.73,2.06,91.27,-12.11,-77.05,100705.05,17.68
235,10069,150122,PE,Subgerencia de Desarrollo Ambiental,11/10/2020 7:00,0.00,0.00,94.46,0.00,65.68,17.90,7.34,82.53,0.51,99.30,-12.11,-77.05,100673.22,15.72
269,10069,150122,PE,Subgerencia de Desarrollo Ambiental,12/10/2020 17:00,0.00,0.00,102.90,0.00,50.32,11.70,7.64,98.37,0.38,90.23,-12.11,-77.05,100427.81,17.61
43,10069,150122,PE,Subgerencia de Desarrollo Ambiental,02/10/2020 18:00,3.38,0.00,115.42,0.00,91.36,18.71,7.44,102.49,0.02,93.46,-12.11,-77.05,100624.67,17.02
229,10069,150122,PE,Subgerencia de Desarrollo Ambiental,11/10/2020 1:00,0.00,0.00,91.90,0.00,67.25,14.45,7.26,73.10,0.00,96.06,-12.11,-77.05,100719.64,16.41
79,10069,150122,PE,Subgerencia de Desarrollo Ambiental,04/10/2020 8:00,0.00,0.00,85.45,0.00,135.71,33.86,7.25,87.20,0.21,98.83,-12.11,-77.05,100772.77,15.77
82,10069,150122,PE,Subgerencia de Desarrollo Ambiental,04/10/2020 11:00,0.00,0.00,74.56,0.00,80.11,18.40,7.22,88.28,0.37,98.72,-12.11,-77.05,100758.81,15.70
567,10069,150122,PE,Subgerencia de Desarrollo Ambiental,25/10/2020 3:00,0.00,0.00,87.02,0.00,27.26,8.59,7.19,73.88,0.00,97.41,-12.11,-77.05,100621.06,15.89
96,10069,150122,PE,Subgerencia de Desarrollo Ambiental,05/10/2020 1:00,0.00,0.00,90.82,0.00,175.30,21.62,7.15,70.98,0.00,99.30,-12.11,-77.05,100770.45,15.06
66,10069,150122,PE,Subgerencia de Desarrollo Ambiental,03/10/2020 19:00,0.00,0.00,117.31,0.00,137.26,27.61,7.21,100.10,0.00,95.79,-12.11,-77.05,100547.14,16.14
54,10069,150122,PE,Subgerencia de Desarrollo Ambiental,03/10/2020 5:00,0.00,0.00,85.41,0.00,68.04,21.08,7.19,70.93,0.00,99.30,-12.11,-77.05,100517.35,15.54
122,10069,150122,PE,Subgerencia de Desarrollo Ambiental,06/10/2020 3:00,0.00,0.00,81.80,0.00,84.61,14.72,7.17,77.30,0.00,98.45,-12.11,-77.05,100683.58,15.76
126,10069,150122,PE,Subgerencia de Desarrollo Ambiental,06/10/2020 7:00,0.00,0.00,100.85,0.00,76.09,17.58,7.31,99.27,0.10,99.09,-12.11,-77.05,100736.16,16.11
486,10069,150122,PE,Subgerencia de Desarrollo Ambiental,21/10/2020 18:00,0.00,0.00,130.51,0.00,109.66,18.51,7.46,109.56,0.10,86.67,-12.11,-77.05,100552.98,17.33
167,10069,150122,PE,Subgerencia de Desarrollo Ambiental,08/10/2020 7:00,29.65,0.00,112.00,0.00,68.86,18.73,7.30,93.13,0.08,96.84,-12.11,-77.05,100835.93,16.21
662,10069,150122,PE,Subgerencia de Desarrollo Ambiental,29/10/2020 2:00,0.00,0.00,86.50,0.00,42.39,11.10,7.18,87.68,0.00,95.37,-12.11,-77.05,1006.43,16.06
621,10069,150122,PE,Subgerencia de Desarrollo Ambiental,27/10/2020 9:00,0.00,0.00,68.28,0.00,33.59,10.74,7.71,99.99,1.10,97.12,-12.11,-77.05,100800.62,16.67
18,10069,150122,PE,Subgerencia de Desarrollo Ambiental,01/10/2020 17:00,0.00,0.00,110.38,0.00,62.90,11.88,7.51,112.13,0.35,90.06,-12.11,-77.05,100458.60,17.25
653,10069,150122,PE,Subgerencia de Desarrollo Ambiental,28/10/2020 17:00,0.00,0.00,96.86,0.00,48.74,11.00,7.92,104.05,0.46,86.93,-12.11,-77.05,1005.28,18.15
669,10069,150122,PE,Subgerencia de Desarrollo Ambiental,29/10/2020 9:00,20.46,0.00,85.67,0.00,26.66,10.87,7.93,96.23,1.00,90.31,-12.11,-77.05,1008.53,18.06
277,10069,150122,PE,Subgerencia de Desarrollo Ambiental,13/10/2020 1:00,0.00,0.00,89.58,0.00,84.26,15.40,7.20,82.18,0.00,97.20,-12.11,-77.05,100469.91,15.94
226,10069,150122,PE,Subgerencia de Desarrollo Ambiental,10/10/2020 22:00,0.00,0.00,111.90,0.00,94.34,15.59,7.27,100.20,0.00,95.92,-12.11,-77.05,100856.91,16.56
629,10069,150122,PE,Subgerencia de Desarrollo Ambiental,27/10/2020 17:00,0.00,0.00,95.59,0.00,33.01,7.26,7.94,100.24,0.49,87.65,-12.11,-77.05,100563.07,18.21
296,10069,150122,PE,Subgerencia de Desarrollo Ambiental,13/10/2020 20:00,0.00,0.00,114.88,0.00,104.80,13.94,7.25,101.88,0.00,93.63,-12.11,-77.05,100614.96,16.46
129,10069,150122,PE,Subgerencia de Desarrollo Ambiental,06/10/2020 10:00,0.00,0.00,19.76,0.03,24.62,8.77,8.79,99.42,5.05,90.57,-12.11,-77.05,100755.72,18.31
499,10069,150122,PE,Subgerencia de Desarrollo Ambiental,22/10/2020 7:00,0.00,0.00,96.25,0.00,61.72,17.88,7.22,98.57,0.18,99.30,-12.11,-77.05,100610.84,15.53
339,10069,150122,PE,Subgerencia de Desarrollo Ambiental,15/10/2020 15:00,0.00,0.00,81.04,0.00,19.39,6.15,8.28,103.73,1.51,87.36,-12.11,-77.05,100404.94,18.31
398,10069,150122,PE,Subgerencia de Desarrollo Ambiental,18/10/2020 2:00,0.00,0.00,90.59,0.00,207.50,18.62,7.17,86.95,0.00,99.30,-12.11,-77.05,100543.75,15.78
162,10069,150122,PE,Subgerencia de Desarrollo Ambiental,08/10/2020 2:00,0.00,0.00,94.36,0.00,55.91,18.83,7.22,65.60,0.00,97.63,-12.11,-77.05,100745.50,16.09
424,10069,150122,PE,Subgerencia de Desarrollo Ambiental,19/10/2020 4:00,0.00,0.00,82.88,0.00,218.19,28.65,7.21,80.15,0.00,96.50,-12.11,-77.05,100469.79,16.41
175,10069,150122,PE,Subgerencia de Desarrollo Ambiental,08/10/2020 19:00,0.00,0.00,119.52,0.00,69.00,14.01,7.26,92.87,0.00,94.77,-12.11,-77.05,100735.56,16.47
343,10069,150122,PE,Subgerencia de Desarrollo Ambiental,15/10/2020 19:00,5.47,0.00,126.27,0.00,84.23,14.47,7.41,99.45,0.00,92.28,-12.11,-77.05,100481.06,17.27
402,10069,150122,PE,Subgerencia de Desarrollo Ambiental,18/10/2020 6:00,0.00,0.00,80.61,0.00,129.44,17.31,7.21,80.01,0.00,99.30,-12.11,-77.05,100594.09,15.72
530,10069,150122,PE,Subgerencia de Desarrollo Ambiental,23/10/2020 14:00,0.00,0.00,41.78,1.14,18.92,5.90,8.47,104.10,1.54,78.37,-12.11,-77.05,100567.67,19.71
361,10069,150122,PE,Subgerencia de Desarrollo Ambiental,16/10/2020 13:00,7.79,0.00,89.64,0.00,92.07,15.83,8.02,103.34,1.24,92.44,-12.11,-77.05,100501.06,18.16
726,10069,150122,PE,Subgerencia de Desarrollo Ambiental,31/10/2020 18:00,39.46,0.00,116.49,0.00,141.56,21.56,7.38,98.14,0.04,93.54,-12.11,-77.05,1007.99,16.70
311,10069,150122,PE,Subgerencia de Desarrollo Ambiental,14/10/2020 11:00,3.10,0.00,33.17,0.00,31.73,6.46,8.50,96.98,1.92,79.23,-12.11,-77.05,100737.75,20.11
725,10069,150122,PE,Subgerencia de Desarrollo Ambiental,31/10/2020 17:00,36.31,0.00,120.78,0.00,89.06,13.86,7.62,94.08,0.10,91.74,-12.11,-77.05,1007.42,17.38
29,10069,150122,PE,Subgerencia de Desarrollo Ambiental,02/10/2020 4:00,0.00,0.00,75.55,0.00,53.61,11.90,7.20,95.07,0.00,99.30,-12.11,-77.05,100525.70,15.41
708,10069,150122,PE,Subgerencia de Desarrollo Ambiental,31/10/2020 0:00,0.00,0.00,95.51,0.00,202.41,26.48,7.23,80.63,0.00,93.47,-12.11,-77.05,1008.23,16.60
242,10069,150122,PE,Subgerencia de Desarrollo Ambiental,11/10/2020 14:00,0.00,0.00,53.67,2.97,19.96,8.64,8.39,97.25,1.49,84.07,-12.11,-77.05,100552.36,19.02
134,10069,150122,PE,Subgerencia de Desarrollo Ambiental,06/10/2020 15:00,0.00,0.00,57.77,0.24,15.77,6.01,8.36,102.00,0.66,81.68,-12.11,-77.05,100670.67,19.32
413,10069,150122,PE,Subgerencia de Desarrollo Ambiental,18/10/2020 17:00,0.00,0.00,82.18,0.00,91.32,13.14,8.21,88.75,0.38,84.27,-12.11,-77.05,100553.76,19.16
234,10069,150122,PE,Subgerencia de Desarrollo Ambiental,11/10/2020 6:00,0.00,0.00,91.79,0.00,71.25,15.84,7.22,95.14,0.00,99.30,-12.11,-77.05,100622.78,15.50
202,10069,150122,PE,Subgerencia de Desarrollo Ambiental,09/10/2020 22:00,0.00,0.00,100.11,0.00,41.73,10.68,7.22,90.32,0.00,95.50,-12.11,-77.05,100934.74,15.95
525,10069,150122,PE,Subgerencia de Desarrollo Ambiental,23/10/2020 9:00,0.00,0.00,90.28,0.00,61.07,14.19,7.47,102.28,0.54,95.35,-12.11,-77.05,100775.55,16.54
532,10069,150122,PE,Subgerencia de Desarrollo Ambiental,23/10/2020 16:00,0.00,0.00,102.66,0.00,34.17,10.13,7.93,101.31,0.81,85.94,-12.11,-77.05,100566.86,17.83
438,10069,150122,PE,Subgerencia de Desarrollo Ambiental,19/10/2020 18:00,0.00,0.00,121.20,0.00,133.45,17.58,7.46,104.76,0.08,88.53,-12.11,-77.05,100366.86,17.37
274,10069,150122,PE,Subgerencia de Desarrollo Ambiental,12/10/2020 22:00,0.00,0.00,103.96,0.00,65.51,13.54,7.25,100.26,0.00,96.87,-12.11,-77.05,100562.67,16.29
136,10069,150122,PE,Subgerencia de Desarrollo Ambiental,06/10/2020 22:00,0.00,0.00,93.92,0.00,63.99,13.83,7.20,91.85,0.00,94.31,-12.11,-77.05,100851.52,16.84
549,10069,150122,PE,Subgerencia de Desarrollo Ambiental,24/10/2020 9:00,0.00,0.00,65.24,0.00,41.79,12.49,7.67,96.61,0.92,94.78,-12.11,-77.05,101017.76,17.06
238,10069,150122,PE,Subgerencia de Desarrollo Ambiental,11/10/2020 10:00,0.00,0.00,28.15,0.28,18.80,6.99,8.51,100.21,4.86,89.49,-12.11,-77.05,100736.89,18.87
533,10069,150122,PE,Subgerencia de Desarrollo Ambiental,23/10/2020 17:00,0.00,0.00,120.09,0.00,44.47,13.73,7.52,101.44,0.28,90.47,-12.11,-77.05,100612.73,16.86
395,10069,150122,PE,Subgerencia de Desarrollo Ambiental,17/10/2020 23:00,0.00,0.00,100.72,0.00,171.37,20.00,7.19,101.07,0.00,96.54,-12.11,-77.05,100689.84,16.20
223,10069,150122,PE,Subgerencia de Desarrollo Ambiental,10/10/2020 19:00,0.00,0.00,135.51,0.00,110.00,13.67,7.34,94.41,0.00,91.16,-12.11,-77.05,100701.71,17.07
637,10069,150122,PE,Subgerencia de Desarrollo Ambiental,28/10/2020 1:00,0.00,0.00,88.34,0.00,37.62,9.02,7.20,70.55,0.00,95.43,-12.11,-77.05,100817.46,16.09
489,10069,150122,PE,Subgerencia de Desarrollo Ambiental,21/10/2020 21:00,0.00,0.00,123.65,0.00,137.63,21.92,7.24,96.51,0.00,92.84,-12.11,-77.05,100671.67,16.49
433,10069,150122,PE,Subgerencia de Desarrollo Ambiental,19/10/2020 13:00,0.00,0.00,39.22,0.19,48.42,9.47,8.39,102.10,2.87,84.99,-12.11,-77.05,100510.45,19.29
327,10069,150122,PE,Subgerencia de Desarrollo Ambiental,15/10/2020 3:00,0.00,0.00,91.55,0.00,315.39,36.58,7.20,71.86,0.00,98.06,-12.11,-77.05,100408.18,15.54
36,10069,150122,PE,Subgerencia de Desarrollo Ambiental,02/10/2020 11:00,0.00,0.00,71.36,0.00,39.46,10.99,7.67,97.09,0.79,96.16,-12.11,-77.05,100803.48,17.05
369,10069,150122,PE,Subgerencia de Desarrollo Ambiental,16/10/2020 21:00,0.00,0.00,114.83,0.00,210.49,22.77,7.29,100.99,0.00,94.75,-12.11,-77.05,100541.46,16.83
636,10069,150122,PE,Subgerencia de Desarrollo Ambiental,28/10/2020 0:00,0.00,0.00,90.92,0.00,50.84,8.97,7.20,84.42,0.00,95.10,-12.11,-77.05,100863.93,16.16
389,10069,150122,PE,Subgerencia de Desarrollo Ambiental,17/10/2020 17:00,0.00,0.00,111.04,0.00,43.11,11.39,7.70,102.52,0.32,91.41,-12.11,-77.05,100421.46,17.66
686,10069,150122,PE,Subgerencia de Desarrollo Ambiental,30/10/2020 2:00,0.00,0.00,90.19,0.00,66.97,12.46,7.18,82.55,0.00,95.36,-12.11,-77.05,1005.98,16.04
171,10069,150122,PE,Subgerencia de Desarrollo Ambiental,08/10/2020 11:00,0.00,0.00,32.51,0.04,39.87,13.46,8.57,101.33,3.46,83.09,-12.11,-77.05,100863.80,20.03
5,10069,150122,PE,Subgerencia de Desarrollo Ambiental,01/10/2020 4:00,0.00,0.00,77.49,0.00,99.57,15.75,7.19,73.17,0.00,98.79,-12.11,-77.05,100568.58,15.81
249,10069,150122,PE,Subgerencia de Desarrollo Ambiental,11/10/2020 21:00,0.00,0.00,102.54,0.00,95.25,18.58,7.27,100.19,0.00,92.67,-12.11,-77.05,100717.34,16.97
442,10069,150122,PE,Subgerencia de Desarrollo Ambiental,19/10/2020 22:00,0.00,0.00,110.89,0.00,95.28,16.60,7.22,89.04,0.00,94.77,-12.11,-77.05,100638.07,15.99
109,10069,150122,PE,Subgerencia de Desarrollo Ambiental,05/10/2020 14:00,0.00,0.00,55.02,0.00,37.64,8.24,8.40,102.55,1.66,74.56,-12.11,-77.05,100661.46,20.29
422,10069,150122,PE,Subgerencia de Desarrollo Ambiental,19/10/2020 2:00,0.00,0.00,90.12,0.00,224.45,26.56,7.24,82.69,0.00,97.99,-12.11,-77.05,100591.32,16.32
149,10069,150122,PE,Subgerencia de Desarrollo Ambiental,07/10/2020 11:00,0.00,0.00,32.29,0.83,21.55,9.17,8.35,99.07,3.05,88.08,-12.11,-77.05,100770.42,17.94
323,10069,150122,PE,Subgerencia de Desarrollo Ambiental,14/10/2020 23:00,0.00,0.00,107.37,0.00,130.69,16.53,7.20,91.27,0.00,94.11,-12.11,-77.05,100692.71,16.01
668,10069,150122,PE,Subgerencia de Desarrollo Ambiental,29/10/2020 8:00,140.49,1.72,113.44,0.00,37.47,15.39,7.77,98.26,0.47,93.53,-12.11,-77.05,1008.22,17.27
359,10069,150122,PE,Subgerencia de Desarrollo Ambiental,16/10/2020 11:00,0.00,0.00,52.41,0.00,44.89,13.57,8.12,99.91,1.45,90.55,-12.11,-77.05,100624.16,18.04
110,10069,150122,PE,Subgerencia de Desarrollo Ambiental,05/10/2020 15:00,0.00,0.00,66.68,0.00,36.40,7.69,8.31,98.16,1.28,74.18,-12.11,-77.05,100605.27,20.33
118,10069,150122,PE,Subgerencia de Desarrollo Ambiental,05/10/2020 23:00,0.00,0.00,92.59,0.00,60.38,14.75,7.17,85.67,0.00,97.49,-12.11,-77.05,100839.88,16.00
103,10069,150122,PE,Subgerencia de Desarrollo Ambiental,05/10/2020 8:00,428.27,6.51,136.77,0.00,48.94,14.06,7.68,101.25,0.42,98.90,-12.11,-77.05,100820.24,16.07
620,10069,150122,PE,Subgerencia de Desarrollo Ambiental,27/10/2020 8:00,16.27,0.00,80.82,0.00,34.51,10.87,7.53,98.76,0.95,99.19,-12.11,-77.05,100749.45,16.09
685,10069,150122,PE,Subgerencia de Desarrollo Ambiental,30/10/2020 1:00,0.00,0.00,92.32,0.00,73.96,12.52,7.19,82.87,0.00,94.20,-12.11,-77.05,1006.93,16.22
345,10069,150122,PE,Subgerencia de Desarrollo Ambiental,15/10/2020 21:00,0.00,0.00,108.03,0.00,129.66,19.67,7.29,100.54,0.00,94.17,-12.11,-77.05,100616.38,16.94
257,10069,150122,PE,Subgerencia de Desarrollo Ambiental,12/10/2020 5:00,0.00,0.00,87.61,0.00,43.96,14.42,7.20,74.30,0.00,95.73,-12.11,-77.05,100632.04,16.10
477,10069,150122,PE,Subgerencia de Desarrollo Ambiental,21/10/2020 9:00,0.00,0.00,86.86,0.00,61.58,15.19,7.69,102.24,0.77,95.75,-12.11,-77.05,100811.21,17.17
553,10069,150122,PE,Subgerencia de Desarrollo Ambiental,24/10/2020 13:00,0.00,0.00,58.02,0.05,22.12,8.56,8.39,106.05,2.62,88.11,-12.11,-77.05,100836.68,18.77
120,10069,150122,PE,Subgerencia de Desarrollo Ambiental,06/10/2020 1:00,0.00,0.00,80.90,0.00,74.62,14.01,7.17,75.16,0.00,98.37,-12.11,-77.05,100777.13,15.83
684,10069,150122,PE,Subgerencia de Desarrollo Ambiental,30/10/2020 0:00,0.00,0.00,93.53,0.00,61.19,10.54,7.20,100.35,0.00,93.03,-12.11,-77.05,1007.47,16.43
594,10069,150122,PE,Subgerencia de Desarrollo Ambiental,26/10/2020 6:00,0.03,0.00,101.58,0.00,64.17,19.15,7.25,89.72,0.00,99.30,-12.11,-77.05,100589.08,15.65
31,10069,150122,PE,Subgerencia de Desarrollo Ambiental,02/10/2020 6:00,0.00,0.00,85.98,0.00,54.48,12.02,7.20,92.10,0.00,99.30,-12.11,-77.05,100523.86,15.56
4,10069,150122,PE,Subgerencia de Desarrollo Ambiental,01/10/2020 3:00,0.00,0.00,77.80,0.00,134.19,17.62,7.18,82.58,0.00,98.38,-12.11,-77.05,100631.42,15.84
589,10069,150122,PE,Subgerencia de Desarrollo Ambiental,26/10/2020 1:00,0.00,0.00,91.64,0.00,57.83,12.43,7.18,74.15,0.00,97.49,-12.11,-77.05,100636.22,15.68
462,10069,150122,PE,Subgerencia de Desarrollo Ambiental,20/10/2020 18:00,2.38,0.00,121.05,0.00,47.95,11.83,7.56,97.58,0.07,89.52,-12.11,-77.05,100462.80,17.39
368,10069,150122,PE,Subgerencia de Desarrollo Ambiental,16/10/2020 20:00,0.00,0.00,121.65,0.00,155.80,18.36,7.33,102.50,0.00,94.00,-12.11,-77.05,100461.10,16.97
83,10069,150122,PE,Subgerencia de Desarrollo Ambiental,04/10/2020 12:00,0.00,0.00,68.94,0.00,94.08,16.33,7.42,94.31,0.91,98.84,-12.11,-77.05,100716.72,16.02
61,10069,150122,PE,Subgerencia de Desarrollo Ambiental,03/10/2020 14:00,0.00,0.00,80.75,0.00,61.63,12.27,7.71,101.96,0.99,95.44,-12.11,-77.05,100513.65,16.82
546,10069,150122,PE,Subgerencia de Desarrollo Ambiental,24/10/2020 6:00,0.00,0.00,90.40,0.00,63.48,13.06,7.19,81.83,0.00,96.40,-12.11,-77.05,100854.16,16.07
639,10069,150122,PE,Subgerencia de Desarrollo Ambiental,28/10/2020 3:00,0.00,0.00,84.73,0.00,34.51,8.88,7.20,76.82,0.00,96.04,-12.11,-77.05,100764.15,16.03
388,10069,150122,PE,Subgerencia de Desarrollo Ambiental,17/10/2020 16:00,0.00,0.00,91.18,0.00,40.20,10.99,8.17,97.86,0.85,86.77,-12.11,-77.05,100364.81,18.98
363,10069,150122,PE,Subgerencia de Desarrollo Ambiental,16/10/2020 15:00,4.97,0.00,79.02,0.00,71.48,11.93,8.32,98.41,1.17,84.95,-12.11,-77.05,100339.49,19.70
399,10069,150122,PE,Subgerencia de Desarrollo Ambiental,18/10/2020 3:00,0.00,0.00,88.44,0.00,330.62,28.88,7.18,71.17,0.00,99.30,-12.11,-77.05,100490.82,15.79
675,10069,150122,PE,Subgerencia de Desarrollo Ambiental,29/10/2020 15:00,0.00,0.00,87.23,0.00,28.45,8.84,8.07,99.83,1.35,87.67,-12.11,-77.05,1005.95,17.68
699,10069,150122,PE,Subgerencia de Desarrollo Ambiental,30/10/2020 15:00,0.00,0.00,94.84,0.00,27.74,8.42,7.70,100.65,0.70,91.27,-12.11,-77.05,1006.88,17.02
429,10069,150122,PE,Subgerencia de Desarrollo Ambiental,19/10/2020 9:00,0.00,0.00,85.25,0.00,139.05,20.44,7.43,99.43,0.49,95.99,-12.11,-77.05,100736.54,16.50
76,10069,150122,PE,Subgerencia de Desarrollo Ambiental,04/10/2020 5:00,0.00,0.00,75.60,0.00,70.43,16.12,7.17,73.73,0.00,98.81,-12.11,-77.05,100582.59,15.46
615,10069,150122,PE,Subgerencia de Desarrollo Ambiental,27/10/2020 3:00,0.00,0.00,88.21,0.00,52.14,11.79,7.18,75.99,0.00,98.51,-12.11,-77.05,100590.26,15.46
550,10069,150122,PE,Subgerencia de Desarrollo Ambiental,24/10/2020 10:00,0.00,0.00,53.34,0.00,35.30,11.52,7.91,94.91,1.30,92.78,-12.11,-77.05,101002.73,17.48
15,10069,150122,PE,Subgerencia de Desarrollo Ambiental,01/10/2020 14:00,0.00,0.00,50.94,0.64,26.74,8.42,8.32,101.67,2.03,88.77,-12.11,-77.05,100601.96,18.22
2,10069,150122,PE,Subgerencia de Desarrollo Ambiental,01/10/2020 1:00,0.00,0.00,83.87,0.00,181.59,20.70,7.16,95.52,0.00,97.54,-12.11,-77.05,100726.43,15.88
301,10069,150122,PE,Subgerencia de Desarrollo Ambiental,14/10/2020 1:00,0.00,0.00,85.61,0.00,164.60,18.77,7.20,78.10,0.00,94.71,-12.11,-77.05,100579.35,16.09
682,10069,150122,PE,Subgerencia de Desarrollo Ambiental,29/10/2020 22:00,0.00,0.00,104.89,0.00,52.28,9.20,7.25,101.94,0.00,91.99,-12.11,-77.05,1008.04,16.65
658,10069,150122,PE,Subgerencia de Desarrollo Ambiental,28/10/2020 22:00,0.00,0.00,103.78,0.00,67.80,13.40,7.22,102.10,0.00,93.31,-12.11,-77.05,1008.45,16.50
294,10069,150122,PE,Subgerencia de Desarrollo Ambiental,13/10/2020 18:00,0.00,0.00,118.45,0.00,98.44,13.69,7.32,105.33,0.07,92.29,-12.11,-77.05,100505.42,16.67
576,10069,150122,PE,Subgerencia de Desarrollo Ambiental,25/10/2020 12:00,0.00,0.00,35.37,0.37,19.67,7.88,8.14,99.97,2.14,91.81,-12.11,-77.05,100869.60,17.64
729,10069,150122,PE,Subgerencia de Desarrollo Ambiental,31/10/2020 21:00,0.00,0.00,109.51,0.00,117.19,22.09,7.23,95.70,0.00,98.05,-12.11,-77.05,1009.83,15.93
154,10069,150122,PE,Subgerencia de Desarrollo Ambiental,07/10/2020 16:00,0.00,0.00,102.32,0.00,36.67,11.97,7.69,94.90,0.67,91.86,-12.11,-77.05,100517.28,17.10
452,10069,150122,PE,Subgerencia de Desarrollo Ambiental,20/10/2020 8:00,93.21,0.00,120.69,0.00,63.73,15.68,7.48,97.31,0.21,95.35,-12.11,-77.05,100705.66,16.76
206,10069,150122,PE,Subgerencia de Desarrollo Ambiental,10/10/2020 2:00,0.00,0.00,84.57,0.00,81.41,12.63,7.20,74.70,0.00,93.07,-12.11,-77.05,100858.93,16.24
492,10069,150122,PE,Subgerencia de Desarrollo Ambiental,22/10/2020 0:00,11.94,0.00,96.42,0.00,94.82,20.31,7.18,74.73,0.00,95.13,-12.11,-77.05,100600.89,16.11
471,10069,150122,PE,Subgerencia de Desarrollo Ambiental,21/10/2020 3:00,0.00,0.00,88.20,0.00,63.99,14.70,7.19,72.04,0.00,98.18,-12.11,-77.05,100570.05,16.09
111,10069,150122,PE,Subgerencia de Desarrollo Ambiental,05/10/2020 16:00,0.00,0.00,63.62,0.00,25.25,5.45,8.52,100.69,0.94,71.59,-12.11,-77.05,100580.76,21.44
497,10069,150122,PE,Subgerencia de Desarrollo Ambiental,22/10/2020 5:00,0.00,0.00,90.23,0.00,122.43,24.41,7.16,78.12,0.00,98.96,-12.11,-77.05,100492.08,15.40
650,10069,150122,PE,Subgerencia de Desarrollo Ambiental,28/10/2020 14:00,1.39,0.00,70.16,0.00,28.07,8.34,8.37,100.92,1.48,88.62,-12.11,-77.05,1006.00,18.57
253,10069,150122,PE,Subgerencia de Desarrollo Ambiental,12/10/2020 1:00,0.00,0.00,86.81,0.00,72.63,15.83,7.20,82.74,0.00,95.05,-12.11,-77.05,100704.41,16.38
705,10069,150122,PE,Subgerencia de Desarrollo Ambiental,30/10/2020 21:00,0.00,0.00,109.88,0.00,151.91,19.67,7.29,96.56,0.00,92.40,-12.11,-77.05,1008.88,16.83
417,10069,150122,PE,Subgerencia de Desarrollo Ambiental,18/10/2020 21:00,0.00,0.00,112.79,0.00,180.54,19.68,7.24,96.80,0.00,91.92,-12.11,-77.05,100736.52,16.93
117,10069,150122,PE,Subgerencia de Desarrollo Ambiental,05/10/2020 22:00,0.00,0.00,97.61,0.00,47.38,12.34,7.16,93.40,0.00,95.45,-12.11,-77.05,100823.01,16.17
592,10069,150122,PE,Subgerencia de Desarrollo Ambiental,26/10/2020 4:00,0.00,0.00,89.62,0.00,63.75,14.34,7.19,74.90,0.00,99.22,-12.11,-77.05,100536.71,15.57
479,10069,150122,PE,Subgerencia de Desarrollo Ambiental,21/10/2020 11:00,0.00,0.00,29.26,0.46,28.23,9.40,8.42,99.67,3.67,90.74,-12.11,-77.05,100766.70,17.93
219,10069,150122,PE,Subgerencia de Desarrollo Ambiental,10/10/2020 15:00,0.00,0.00,64.59,0.00,18.94,5.03,8.60,98.09,0.45,77.19,-12.11,-77.05,100577.46,20.58
365,10069,150122,PE,Subgerencia de Desarrollo Ambiental,16/10/2020 17:00,0.11,0.00,87.94,0.00,75.00,12.08,8.25,101.79,0.71,84.74,-12.11,-77.05,100303.73,19.10
20,10069,150122,PE,Subgerencia de Desarrollo Ambiental,01/10/2020 19:00,0.99,0.00,121.19,0.00,77.45,12.49,7.31,104.35,0.00,93.48,-12.11,-77.05,100515.73,16.75
62,10069,150122,PE,Subgerencia de Desarrollo Ambiental,03/10/2020 15:00,0.00,0.00,84.52,0.00,86.69,14.68,7.67,99.50,0.74,93.46,-12.11,-77.05,100454.00,17.05
563,10069,150122,PE,Subgerencia de Desarrollo Ambiental,24/10/2020 23:00,0.00,0.00,105.82,0.00,56.33,15.19,7.26,94.06,0.00,96.11,-12.11,-77.05,100871.56,16.34
606,10069,150122,PE,Subgerencia de Desarrollo Ambiental,26/10/2020 18:00,4.30,0.00,115.20,0.00,47.35,10.76,7.63,103.16,0.10,89.12,-12.11,-77.05,100530.63,17.45
16,10069,150122,PE,Subgerencia de Desarrollo Ambiental,01/10/2020 15:00,0.00,0.00,68.37,0.00,43.53,10.13,8.27,103.08,1.30,87.82,-12.11,-77.05,100533.99,18.39
602,10069,150122,PE,Subgerencia de Desarrollo Ambiental,26/10/2020 14:00,0.00,0.00,61.49,0.14,22.67,8.07,8.20,101.83,1.85,91.61,-12.11,-77.05,100586.32,17.39
320,10069,150122,PE,Subgerencia de Desarrollo Ambiental,14/10/2020 20:00,19.40,0.00,132.20,0.00,203.51,23.87,7.30,99.53,0.00,91.28,-12.11,-77.05,100653.46,16.41
714,10069,150122,PE,Subgerencia de Desarrollo Ambiental,31/10/2020 6:00,0.00,0.00,92.58,0.00,96.93,15.26,7.18,92.76,0.00,97.43,-12.11,-77.05,1007.03,15.77
431,10069,150122,PE,Subgerencia de Desarrollo Ambiental,19/10/2020 11:00,0.00,0.00,40.05,0.00,41.67,8.72,8.16,92.41,2.05,90.05,-12.11,-77.05,100639.86,17.94
286,10069,150122,PE,Subgerencia de Desarrollo Ambiental,13/10/2020 10:00,0.00,0.00,69.49,0.00,29.95,7.85,7.87,100.57,1.10,93.96,-12.11,-77.05,100734.06,17.45
95,10069,150122,PE,Subgerencia de Desarrollo Ambiental,05/10/2020 0:00,0.00,0.00,93.06,0.00,129.33,18.62,7.14,73.47,0.00,99.30,-12.11,-77.05,100800.45,15.00
374,10069,150122,PE,Subgerencia de Desarrollo Ambiental,17/10/2020 2:00,0.00,0.00,84.44,0.00,294.43,36.03,7.25,74.73,0.00,96.21,-12.11,-77.05,100487.38,16.50
609,10069,150122,PE,Subgerencia de Desarrollo Ambiental,26/10/2020 21:00,0.00,0.00,120.86,0.00,70.26,12.35,7.25,95.15,0.00,94.67,-12.11,-77.05,100704.42,16.45
404,10069,150122,PE,Subgerencia de Desarrollo Ambiental,18/10/2020 8:00,0.00,0.00,77.24,0.00,66.70,12.02,7.35,89.17,0.27,99.30,-12.11,-77.05,100760.55,16.34
587,10069,150122,PE,Subgerencia de Desarrollo Ambiental,25/10/2020 23:00,0.00,0.00,96.31,0.00,85.51,14.50,7.20,92.13,0.00,96.05,-12.11,-77.05,100778.39,15.98
75,10069,150122,PE,Subgerencia de Desarrollo Ambiental,04/10/2020 4:00,0.00,0.00,74.26,0.00,90.19,17.69,7.16,72.87,0.00,98.88,-12.11,-77.05,100565.90,15.40
255,10069,150122,PE,Subgerencia de Desarrollo Ambiental,12/10/2020 3:00,0.00,0.00,82.80,0.00,41.39,12.26,7.20,72.10,0.00,94.92,-12.11,-77.05,100594.53,16.16
72,10069,150122,PE,Subgerencia de Desarrollo Ambiental,04/10/2020 1:00,0.00,0.00,75.44,0.00,70.70,16.08,7.17,74.90,0.00,99.30,-12.11,-77.05,100694.27,15.49
295,10069,150122,PE,Subgerencia de Desarrollo Ambiental,13/10/2020 19:00,1.75,0.00,122.51,0.00,108.09,14.71,7.26,103.60,0.00,92.99,-12.11,-77.05,100543.83,16.55
645,10069,150122,PE,Subgerencia de Desarrollo Ambiental,28/10/2020 9:00,0.00,0.00,64.07,0.00,32.24,8.71,7.75,105.63,1.73,96.70,-12.11,-77.05,100871.07,16.44
116,10069,150122,PE,Subgerencia de Desarrollo Ambiental,05/10/2020 21:00,0.00,0.00,107.94,0.00,38.94,9.09,7.18,93.54,0.00,94.31,-12.11,-77.05,100812.50,16.31
415,10069,150122,PE,Subgerencia de Desarrollo Ambiental,18/10/2020 19:00,0.00,0.00,114.50,0.00,231.15,25.38,7.28,99.97,0.00,89.02,-12.11,-77.05,100626.47,17.21
679,10069,150122,PE,Subgerencia de Desarrollo Ambiental,29/10/2020 19:00,4.38,0.00,129.58,0.00,48.43,9.75,7.30,104.03,0.00,91.55,-12.11,-77.05,1006.51,16.80
579,10069,150122,PE,Subgerencia de Desarrollo Ambiental,25/10/2020 15:00,0.00,0.00,68.65,0.00,23.23,7.30,8.00,93.59,1.06,90.43,-12.11,-77.05,100664.30,17.61
716,10069,150122,PE,Subgerencia de Desarrollo Ambiental,31/10/2020 8:00,0.00,0.00,96.15,0.00,45.29,8.22,7.39,95.00,0.50,97.25,-12.11,-77.05,1008.08,16.30
665,10069,150122,PE,Subgerencia de Desarrollo Ambiental,29/10/2020 5:00,0.00,0.00,91.57,0.00,34.29,10.71,7.21,77.90,0.00,95.51,-12.11,-77.05,1006.26,15.98
467,10069,150122,PE,Subgerencia de Desarrollo Ambiental,20/10/2020 23:00,0.00,0.00,101.44,0.00,56.06,13.20,7.18,95.14,0.00,95.85,-12.11,-77.05,100739.16,16.23
542,10069,150122,PE,Subgerencia de Desarrollo Ambiental,24/10/2020 2:00,0.00,0.00,85.15,0.00,53.46,11.70,7.17,74.80,0.00,94.23,-12.11,-77.05,100813.60,16.23
543,10069,150122,PE,Subgerencia de Desarrollo Ambiental,24/10/2020 3:00,0.00,0.00,84.56,0.00,49.31,11.41,7.18,75.08,0.00,94.98,-12.11,-77.05,100785.16,16.13
299,10069,150122,PE,Subgerencia de Desarrollo Ambiental,13/10/2020 23:00,0.00,0.00,98.46,0.00,152.79,16.96,7.23,90.75,0.00,95.01,-12.11,-77.05,100702.65,16.15
357,10069,150122,PE,Subgerencia de Desarrollo Ambiental,16/10/2020 9:00,2.58,0.00,75.38,0.00,45.34,17.85,7.83,103.71,0.78,96.60,-12.11,-77.05,100668.83,17.43
189,10069,150122,PE,Subgerencia de Desarrollo Ambiental,09/10/2020 9:00,3.86,0.00,98.32,0.00,51.93,11.73,7.54,97.97,0.55,94.97,-12.11,-77.05,100860.00,16.88
382,10069,150122,PE,Subgerencia de Desarrollo Ambiental,17/10/2020 10:00,0.00,0.00,55.59,0.00,49.17,10.49,7.97,96.75,1.41,91.05,-12.11,-77.05,100620.82,17.95
49,10069,150122,PE,Subgerencia de Desarrollo Ambiental,03/10/2020 0:00,8.08,0.00,88.72,0.00,107.34,21.78,7.22,76.25,0.00,97.56,-12.11,-77.05,100710.01,16.31
73,10069,150122,PE,Subgerencia de Desarrollo Ambiental,04/10/2020 2:00,0.00,0.00,74.32,0.00,93.57,17.23,7.18,72.89,0.00,99.29,-12.11,-77.05,100624.25,15.52
341,10069,150122,PE,Subgerencia de Desarrollo Ambiental,15/10/2020 17:00,0.00,0.00,116.95,0.00,35.64,8.60,7.88,97.58,0.40,89.86,-12.11,-77.05,100388.44,18.09
731,10069,150122,PE,Subgerencia de Desarrollo Ambiental,31/10/2020 23:00,0.00,0.00,110.87,0.00,202.94,34.54,7.25,93.95,0.00,97.78,-12.11,-77.05,1010.18,16.04
640,10069,150122,PE,Subgerencia de Desarrollo Ambiental,28/10/2020 4:00,0.00,0.00,85.31,0.00,39.44,9.91,7.19,72.78,0.00,97.04,-12.11,-77.05,100744.92,15.87
56,10069,150122,PE,Subgerencia de Desarrollo Ambiental,03/10/2020 7:00,0.00,0.00,97.12,0.00,142.18,19.22,7.18,95.23,0.00,99.30,-12.11,-77.05,100621.91,15.08
137,10069,150122,PE,Subgerencia de Desarrollo Ambiental,06/10/2020 23:00,0.00,0.00,95.33,0.00,67.48,14.71,7.17,99.35,0.00,94.91,-12.11,-77.05,100864.02,16.75
70,10069,150122,PE,Subgerencia de Desarrollo Ambiental,03/10/2020 23:00,0.00,0.01,100.72,0.00,155.06,21.05,7.20,98.97,0.00,99.30,-12.11,-77.05,100730.43,15.48
568,10069,150122,PE,Subgerencia de Desarrollo Ambiental,25/10/2020 4:00,0.00,0.00,89.58,0.00,31.36,12.73,7.21,66.12,0.00,97.86,-12.11,-77.05,100598.27,15.82
614,10069,150122,PE,Subgerencia de Desarrollo Ambiental,27/10/2020 2:00,0.00,0.00,89.97,0.00,65.99,13.15,7.17,73.35,0.00,97.94,-12.11,-77.05,100628.99,15.53
42,10069,150122,PE,Subgerencia de Desarrollo Ambiental,02/10/2020 17:00,4.63,0.00,106.33,0.00,65.31,12.82,7.61,100.35,0.40,92.31,-12.11,-77.05,100580.36,17.27
605,10069,150122,PE,Subgerencia de Desarrollo Ambiental,26/10/2020 17:00,0.00,0.00,96.43,0.00,31.27,8.58,8.15,103.73,0.21,84.00,-12.11,-77.05,100485.22,19.03
644,10069,150122,PE,Subgerencia de Desarrollo Ambiental,28/10/2020 8:00,0.00,0.00,88.87,0.00,41.48,9.79,7.39,101.92,0.59,97.12,-12.11,-77.05,100864.80,16.30
271,10069,150122,PE,Subgerencia de Desarrollo Ambiental,12/10/2020 19:00,0.00,0.00,122.31,0.00,78.75,15.63,7.23,98.81,0.00,95.64,-12.11,-77.05,100451.18,16.14
279,10069,150122,PE,Subgerencia de Desarrollo Ambiental,13/10/2020 3:00,0.00,0.00,87.57,0.00,42.85,11.81,7.21,89.51,0.00,97.89,-12.11,-77.05,100425.34,15.61
104,10069,150122,PE,Subgerencia de Desarrollo Ambiental,05/10/2020 9:00,342.83,0.15,109.93,0.00,31.95,10.27,7.88,102.37,0.91,93.28,-12.11,-77.05,100843.59,17.24
266,10069,150122,PE,Subgerencia de Desarrollo Ambiental,12/10/2020 14:00,0.00,0.00,85.26,0.00,36.27,11.20,7.98,96.95,1.14,90.57,-12.11,-77.05,100583.47,17.84
498,10069,150122,PE,Subgerencia de Desarrollo Ambiental,22/10/2020 6:00,0.00,0.00,95.45,0.00,150.60,27.10,7.19,84.45,0.00,99.30,-12.11,-77.05,100522.47,15.41
356,10069,150122,PE,Subgerencia de Desarrollo Ambiental,16/10/2020 8:00,0.00,0.00,91.86,0.00,69.47,18.83,7.45,99.59,0.35,99.17,-12.11,-77.05,100660.51,16.50
459,10069,150122,PE,Subgerencia de Desarrollo Ambiental,20/10/2020 15:00,0.00,0.00,75.05,0.00,42.50,10.21,8.42,102.57,0.45,76.99,-12.11,-77.05,100501.36,20.26
256,10069,150122,PE,Subgerencia de Desarrollo Ambiental,12/10/2020 4:00,0.00,0.00,85.13,0.00,39.18,13.20,7.21,71.88,0.00,95.29,-12.11,-77.05,100575.23,16.08
724,10069,150122,PE,Subgerencia de Desarrollo Ambiental,31/10/2020 16:00,4.29,0.00,95.71,0.00,61.37,10.17,7.97,99.23,0.61,90.49,-12.11,-77.05,1007.12,17.73
169,10069,150122,PE,Subgerencia de Desarrollo Ambiental,08/10/2020 9:00,3.64,0.00,94.26,0.00,67.02,24.29,7.70,100.97,0.69,93.23,-12.11,-77.05,100934.69,17.42
302,10069,150122,PE,Subgerencia de Desarrollo Ambiental,14/10/2020 2:00,0.00,0.00,84.25,0.00,151.33,18.59,7.20,73.73,0.00,95.13,-12.11,-77.05,100531.63,15.95
313,10069,150122,PE,Subgerencia de Desarrollo Ambiental,14/10/2020 13:00,0.00,0.00,77.33,0.00,36.74,8.32,8.19,99.57,1.48,81.41,-12.11,-77.05,100703.15,19.11
159,10069,150122,PE,Subgerencia de Desarrollo Ambiental,07/10/2020 23:00,0.00,0.00,106.45,0.00,83.63,19.04,7.23,84.59,0.00,95.91,-12.11,-77.05,100835.00,16.35
13,10069,150122,PE,Subgerencia de Desarrollo Ambiental,01/10/2020 12:00,0.00,0.00,42.17,0.02,24.37,8.15,8.24,100.49,2.34,91.55,-12.11,-77.05,100712.03,17.43
500,10069,150122,PE,Subgerencia de Desarrollo Ambiental,22/10/2020 8:00,51.43,0.00,81.09,0.00,44.40,14.55,7.52,102.47,0.89,98.63,-12.11,-77.05,100677.53,16.14
199,10069,150122,PE,Subgerencia de Desarrollo Ambiental,09/10/2020 19:00,0.00,0.00,117.44,0.00,39.84,9.07,7.29,98.42,0.00,92.62,-12.11,-77.05,100700.48,16.44
441,10069,150122,PE,Subgerencia de Desarrollo Ambiental,19/10/2020 21:00,0.00,0.00,128.28,0.00,305.38,32.21,7.24,99.41,0.00,94.49,-12.11,-77.05,100602.42,16.22
157,10069,150122,PE,Subgerencia de Desarrollo Ambiental,07/10/2020 21:00,0.00,0.00,121.69,0.00,105.65,18.91,7.26,97.68,0.00,94.34,-12.11,-77.05,100777.41,16.51
624,10069,150122,PE,Subgerencia de Desarrollo Ambiental,27/10/2020 12:00,0.00,0.00,47.32,0.02,29.59,9.55,8.25,103.19,2.29,92.73,-12.11,-77.05,100749.58,18.09
362,10069,150122,PE,Subgerencia de Desarrollo Ambiental,16/10/2020 14:00,0.00,0.00,67.70,0.00,116.62,18.17,8.22,105.80,1.48,88.04,-12.11,-77.05,100418.77,18.90
304,10069,150122,PE,Subgerencia de Desarrollo Ambiental,14/10/2020 4:00,0.00,0.00,85.02,0.00,73.53,12.70,7.19,74.45,0.00,96.16,-12.11,-77.05,100463.90,15.85
518,10069,150122,PE,Subgerencia de Desarrollo Ambiental,23/10/2020 2:00,0.00,0.00,84.67,0.00,60.55,16.38,7.18,78.98,0.00,97.15,-12.11,-77.05,100620.85,15.60
445,10069,150122,PE,Subgerencia de Desarrollo Ambiental,20/10/2020 1:00,0.00,0.00,86.06,0.00,280.86,33.19,7.20,78.01,0.00,96.19,-12.11,-77.05,100585.90,16.07
200,10069,150122,PE,Subgerencia de Desarrollo Ambiental,09/10/2020 20:00,0.00,0.00,109.27,0.00,37.53,10.02,7.24,95.92,0.00,93.50,-12.11,-77.05,100780.98,16.22
416,10069,150122,PE,Subgerencia de Desarrollo Ambiental,18/10/2020 20:00,0.00,0.00,117.01,0.00,172.24,20.57,7.24,96.86,0.00,89.80,-12.11,-77.05,100695.23,17.16
287,10069,150122,PE,Subgerencia de Desarrollo Ambiental,13/10/2020 11:00,0.00,0.00,45.41,0.00,25.91,7.45,8.07,99.26,1.72,90.49,-12.11,-77.05,100711.30,17.74
221,10069,150122,PE,Subgerencia de Desarrollo Ambiental,10/10/2020 17:00,0.10,0.00,105.93,0.00,29.22,6.11,8.33,103.43,0.17,78.57,-12.11,-77.05,100571.48,20.07
375,10069,150122,PE,Subgerencia de Desarrollo Ambiental,17/10/2020 3:00,0.00,0.00,82.76,0.00,166.74,24.83,7.25,82.75,0.00,96.26,-12.11,-77.05,100463.02,16.54
44,10069,150122,PE,Subgerencia de Desarrollo Ambiental,02/10/2020 19:00,0.00,0.00,116.00,0.00,111.32,23.11,7.33,97.50,0.00,95.06,-12.11,-77.05,100662.49,16.65
88,10069,150122,PE,Subgerencia de Desarrollo Ambiental,04/10/2020 17:00,0.00,0.00,80.22,0.00,98.05,17.96,7.29,92.55,0.21,95.56,-12.11,-77.05,100570.51,16.07
713,10069,150122,PE,Subgerencia de Desarrollo Ambiental,31/10/2020 5:00,0.00,0.00,88.89,0.00,111.17,16.81,7.19,85.96,0.00,96.48,-12.11,-77.05,1006.66,15.96
24,10069,150122,PE,Subgerencia de Desarrollo Ambiental,01/10/2020 23:00,0.00,0.00,89.99,0.00,143.22,18.41,7.22,101.60,0.00,97.22,-12.11,-77.05,100702.49,16.13
353,10069,150122,PE,Subgerencia de Desarrollo Ambiental,16/10/2020 5:00,0.00,0.00,90.64,0.00,57.17,18.86,7.22,72.66,0.00,98.56,-12.11,-77.05,100513.93,15.79
178,10069,150122,PE,Subgerencia de Desarrollo Ambiental,08/10/2020 22:00,0.00,0.00,98.30,0.00,47.48,11.23,7.23,89.75,0.00,96.25,-12.11,-77.05,100878.79,16.24
584,10069,150122,PE,Subgerencia de Desarrollo Ambiental,25/10/2020 20:00,0.00,0.00,105.13,0.00,53.90,10.16,7.17,90.08,0.00,94.88,-12.11,-77.05,100725.73,16.19
572,10069,150122,PE,Subgerencia de Desarrollo Ambiental,25/10/2020 8:00,0.00,0.00,87.96,0.00,40.38,18.21,7.37,89.20,0.45,97.93,-12.11,-77.05,100803.19,16.27
447,10069,150122,PE,Subgerencia de Desarrollo Ambiental,20/10/2020 3:00,0.00,0.00,81.89,0.00,104.40,18.23,7.19,71.34,0.00,96.22,-12.11,-77.05,100465.51,15.81
468,10069,150122,PE,Subgerencia de Desarrollo Ambiental,21/10/2020 0:00,0.00,0.00,93.94,0.00,44.30,11.04,7.17,85.01,0.00,96.81,-12.11,-77.05,100703.08,16.10
74,10069,150122,PE,Subgerencia de Desarrollo Ambiental,04/10/2020 3:00,0.00,0.00,74.33,0.00,110.39,18.51,7.16,74.88,0.00,99.09,-12.11,-77.05,100586.13,15.53
312,10069,150122,PE,Subgerencia de Desarrollo Ambiental,14/10/2020 12:00,0.00,0.00,42.65,0.00,44.35,9.13,8.51,98.24,1.79,77.01,-12.11,-77.05,100742.17,20.27
232,10069,150122,PE,Subgerencia de Desarrollo Ambiental,11/10/2020 4:00,0.00,0.00,93.34,0.00,92.10,17.63,7.22,67.49,0.00,98.03,-12.11,-77.05,100576.38,15.73
179,10069,150122,PE,Subgerencia de Desarrollo Ambiental,08/10/2020 23:00,0.00,0.00,95.78,0.00,67.95,13.85,7.23,98.37,0.00,96.43,-12.11,-77.05,100907.22,16.23
336,10069,150122,PE,Subgerencia de Desarrollo Ambiental,15/10/2020 12:00,0.00,0.00,40.39,2.11,17.94,5.45,8.64,102.69,4.61,86.04,-12.11,-77.05,100522.23,18.88
354,10069,150122,PE,Subgerencia de Desarrollo Ambiental,16/10/2020 6:00,0.00,0.00,90.40,0.00,61.81,15.96,7.23,85.58,0.00,99.16,-12.11,-77.05,100550.04,15.72
384,10069,150122,PE,Subgerencia de Desarrollo Ambiental,17/10/2020 12:00,0.00,0.00,20.93,0.45,27.53,7.05,8.66,97.43,2.58,87.18,-12.11,-77.05,100521.54,18.85
220,10069,150122,PE,Subgerencia de Desarrollo Ambiental,10/10/2020 16:00,0.00,0.00,81.61,0.00,25.40,5.87,8.60,100.48,0.27,76.08,-12.11,-77.05,100558.49,20.97
702,10069,150122,PE,Subgerencia de Desarrollo Ambiental,30/10/2020 18:00,8.39,0.00,112.75,0.00,32.03,8.67,7.53,103.26,0.06,92.13,-12.11,-77.05,1007.55,17.18
195,10069,150122,PE,Subgerencia de Desarrollo Ambiental,09/10/2020 15:00,0.00,0.00,76.44,0.00,37.30,9.10,8.21,98.18,1.36,82.84,-12.11,-77.05,100549.08,18.88
121,10069,150122,PE,Subgerencia de Desarrollo Ambiental,06/10/2020 2:00,0.00,0.00,77.72,0.00,71.39,12.25,7.17,71.00,0.00,98.47,-12.11,-77.05,100721.19,15.69
691,10069,150122,PE,Subgerencia de Desarrollo Ambiental,30/10/2020 7:00,0.00,0.00,101.55,0.00,44.52,17.97,7.25,100.09,0.03,99.15,-12.11,-77.05,1006.55,15.28
381,10069,150122,PE,Subgerencia de Desarrollo Ambiental,17/10/2020 9:00,0.00,0.00,72.08,0.00,79.18,14.91,7.69,101.79,0.70,93.61,-12.11,-77.05,100653.15,17.45
638,10069,150122,PE,Subgerencia de Desarrollo Ambiental,28/10/2020 2:00,0.00,0.00,84.65,0.00,33.12,8.29,7.20,71.66,0.00,95.54,-12.11,-77.05,100796.57,16.10
367,10069,150122,PE,Subgerencia de Desarrollo Ambiental,16/10/2020 19:00,0.00,0.00,128.85,0.00,179.67,21.37,7.39,104.99,0.00,93.40,-12.11,-77.05,100416.44,17.13
527,10069,150122,PE,Subgerencia de Desarrollo Ambiental,23/10/2020 11:00,0.00,0.00,56.14,0.00,31.61,8.89,7.99,102.62,1.74,89.24,-12.11,-77.05,100741.59,17.82
192,10069,150122,PE,Subgerencia de Desarrollo Ambiental,09/10/2020 12:00,0.00,0.00,51.77,0.00,45.26,11.32,8.24,98.42,1.86,81.65,-12.11,-77.05,100742.53,19.76
306,10069,150122,PE,Subgerencia de Desarrollo Ambiental,14/10/2020 6:00,0.00,0.00,93.49,0.00,54.91,11.68,7.21,94.71,0.00,97.39,-12.11,-77.05,100530.84,15.68
326,10069,150122,PE,Subgerencia de Desarrollo Ambiental,15/10/2020 2:00,0.00,0.00,91.57,0.00,231.86,26.31,7.18,79.29,0.00,97.43,-12.11,-77.05,100478.22,15.60
185,10069,150122,PE,Subgerencia de Desarrollo Ambiental,09/10/2020 5:00,0.00,0.00,95.66,0.00,67.10,14.40,7.23,75.89,0.00,97.70,-12.11,-77.05,100708.44,15.82
406,10069,150122,PE,Subgerencia de Desarrollo Ambiental,18/10/2020 10:00,0.00,0.00,44.75,0.00,62.55,10.21,7.84,99.39,0.98,89.04,-12.11,-77.05,100865.26,18.56
555,10069,150122,PE,Subgerencia de Desarrollo Ambiental,24/10/2020 15:00,0.00,0.00,63.89,0.00,25.90,9.03,8.40,99.85,0.65,84.92,-12.11,-77.05,100726.15,19.13
437,10069,150122,PE,Subgerencia de Desarrollo Ambiental,19/10/2020 17:00,19.68,0.00,105.61,0.00,110.48,14.97,7.86,107.26,0.45,85.39,-12.11,-77.05,100300.23,18.39
628,10069,150122,PE,Subgerencia de Desarrollo Ambiental,27/10/2020 16:00,0.00,0.00,84.61,0.00,24.13,6.69,8.19,98.68,0.95,88.63,-12.11,-77.05,100555.90,18.64
683,10069,150122,PE,Subgerencia de Desarrollo Ambiental,29/10/2020 23:00,0.00,0.00,100.79,0.00,55.98,9.84,7.25,95.44,0.00,92.41,-12.11,-77.05,1007.92,16.60
170,10069,150122,PE,Subgerencia de Desarrollo Ambiental,08/10/2020 10:00,26.63,0.00,75.63,0.00,47.31,18.08,8.05,102.39,1.50,90.23,-12.11,-77.05,100913.44,18.46
227,10069,150122,PE,Subgerencia de Desarrollo Ambiental,10/10/2020 23:00,0.00,0.00,105.96,0.00,74.74,13.26,7.27,96.74,0.00,95.77,-12.11,-77.05,100851.37,16.63
663,10069,150122,PE,Subgerencia de Desarrollo Ambiental,29/10/2020 3:00,0.00,0.00,89.28,0.00,33.69,11.80,7.20,74.25,0.00,95.66,-12.11,-77.05,1006.06,15.88
559,10069,150122,PE,Subgerencia de Desarrollo Ambiental,24/10/2020 19:00,0.00,0.00,120.69,0.00,49.28,11.83,7.38,99.47,0.00,91.86,-12.11,-77.05,100793.82,17.08
706,10069,150122,PE,Subgerencia de Desarrollo Ambiental,30/10/2020 22:00,0.00,0.00,105.08,0.00,130.10,17.80,7.27,92.37,0.00,92.39,-12.11,-77.05,1009.10,16.80
288,10069,150122,PE,Subgerencia de Desarrollo Ambiental,13/10/2020 12:00,0.00,0.00,52.89,0.00,29.23,7.73,8.37,100.44,1.79,87.96,-12.11,-77.05,100673.31,18.77
218,10069,150122,PE,Subgerencia de Desarrollo Ambiental,10/10/2020 14:00,0.00,0.00,44.20,0.18,17.82,5.10,8.63,100.75,1.21,76.88,-12.11,-77.05,100629.12,20.39
466,10069,150122,PE,Subgerencia de Desarrollo Ambiental,20/10/2020 22:00,0.00,0.00,104.17,0.00,86.63,15.91,7.20,93.06,0.00,94.31,-12.11,-77.05,100708.75,16.45
419,10069,150122,PE,Subgerencia de Desarrollo Ambiental,18/10/2020 23:00,0.00,0.00,98.30,0.00,222.87,24.36,7.22,94.56,0.00,94.26,-12.11,-77.05,100724.48,16.51
588,10069,150122,PE,Subgerencia de Desarrollo Ambiental,26/10/2020 0:00,0.00,0.00,95.20,0.00,79.82,14.23,7.20,71.94,0.00,96.63,-12.11,-77.05,100718.00,15.90
47,10069,150122,PE,Subgerencia de Desarrollo Ambiental,02/10/2020 22:00,0.00,0.00,101.75,0.00,154.96,23.18,7.24,92.04,0.00,98.18,-12.11,-77.05,100808.20,16.29
612,10069,150122,PE,Subgerencia de Desarrollo Ambiental,27/10/2020 0:00,0.00,0.00,91.92,0.00,51.57,10.57,7.18,92.79,0.00,96.43,-12.11,-77.05,100753.63,15.81
205,10069,150122,PE,Subgerencia de Desarrollo Ambiental,10/10/2020 1:00,0.00,0.00,83.21,0.00,67.47,10.93,7.21,77.67,0.00,92.75,-12.11,-77.05,100928.28,16.32
236,10069,150122,PE,Subgerencia de Desarrollo Ambiental,11/10/2020 8:00,0.00,0.00,72.59,0.00,52.75,14.27,8.05,96.32,2.62,99.13,-12.11,-77.05,100731.02,16.34
487,10069,150122,PE,Subgerencia de Desarrollo Ambiental,21/10/2020 19:00,0.02,0.00,135.94,0.00,113.11,19.10,7.26,107.21,0.00,89.86,-12.11,-77.05,100601.28,16.86
400,10069,150122,PE,Subgerencia de Desarrollo Ambiental,18/10/2020 4:00,0.00,0.00,86.25,0.00,229.83,24.23,7.18,70.94,0.00,99.30,-12.11,-77.05,100476.17,15.66
187,10069,150122,PE,Subgerencia de Desarrollo Ambiental,09/10/2020 7:00,22.90,0.00,124.73,0.00,48.06,12.60,7.36,99.17,0.03,98.13,-12.11,-77.05,100753.39,15.85
268,10069,150122,PE,Subgerencia de Desarrollo Ambiental,12/10/2020 16:00,0.00,0.00,93.22,0.00,52.24,13.13,7.82,106.89,0.85,88.98,-12.11,-77.05,100476.24,17.98
651,10069,150122,PE,Subgerencia de Desarrollo Ambiental,28/10/2020 15:00,0.00,0.00,76.79,0.00,28.30,8.56,8.36,97.74,1.18,86.76,-12.11,-77.05,1005.41,18.89
60,10069,150122,PE,Subgerencia de Desarrollo Ambiental,03/10/2020 11:00,0.00,0.00,45.70,0.00,20.39,7.51,7.84,98.95,1.36,99.30,-12.11,-77.05,100686.30,16.42
37,10069,150122,PE,Subgerencia de Desarrollo Ambiental,02/10/2020 12:00,0.00,0.00,54.89,0.00,37.85,11.04,7.95,99.03,1.67,93.82,-12.11,-77.05,100763.58,17.44
450,10069,150122,PE,Subgerencia de Desarrollo Ambiental,20/10/2020 6:00,0.00,0.00,91.76,0.00,161.19,24.68,7.18,82.54,0.00,96.24,-12.11,-77.05,100551.83,15.97
64,10069,150122,PE,Subgerencia de Desarrollo Ambiental,03/10/2020 17:00,0.00,0.00,105.71,0.00,87.32,17.30,7.42,102.15,0.29,94.15,-12.11,-77.05,100422.93,16.60
7,10069,150122,PE,Subgerencia de Desarrollo Ambiental,01/10/2020 6:00,0.00,0.00,85.37,0.00,114.43,17.31,7.20,85.98,0.00,99.30,-12.11,-77.05,100625.38,15.71
509,10069,150122,PE,Subgerencia de Desarrollo Ambiental,22/10/2020 17:00,0.00,0.00,98.53,0.00,106.44,17.41,8.09,102.39,0.21,83.44,-12.11,-77.05,100517.30,18.95
455,10069,150122,PE,Subgerencia de Desarrollo Ambiental,20/10/2020 11:00,2.45,0.00,68.96,0.00,43.12,10.19,8.13,97.37,1.32,83.70,-12.11,-77.05,100759.48,19.28
22,10069,150122,PE,Subgerencia de Desarrollo Ambiental,01/10/2020 21:00,0.00,0.00,101.27,0.00,115.50,15.69,7.26,99.18,0.00,95.45,-12.11,-77.05,100645.40,16.43
318,10069,150122,PE,Subgerencia de Desarrollo Ambiental,14/10/2020 18:00,0.00,0.00,120.47,0.00,154.69,18.68,7.30,103.54,0.03,89.49,-12.11,-77.05,100555.20,16.78
593,10069,150122,PE,Subgerencia de Desarrollo Ambiental,26/10/2020 5:00,0.00,0.00,87.80,0.00,64.21,15.34,7.18,74.57,0.00,99.30,-12.11,-77.05,100547.63,15.66
338,10069,150122,PE,Subgerencia de Desarrollo Ambiental,15/10/2020 14:00,0.00,0.00,53.38,1.77,16.64,5.51,8.53,100.73,1.73,85.15,-12.11,-77.05,100422.68,18.99
577,10069,150122,PE,Subgerencia de Desarrollo Ambiental,25/10/2020 13:00,0.00,0.00,53.49,0.00,38.40,12.03,7.98,93.93,1.57,92.54,-12.11,-77.05,100798.94,17.14
730,10069,150122,PE,Subgerencia de Desarrollo Ambiental,31/10/2020 22:00,0.00,0.00,110.83,0.00,201.92,34.07,7.26,86.86,0.00,97.78,-12.11,-77.05,1010.25,16.10
51,10069,150122,PE,Subgerencia de Desarrollo Ambiental,03/10/2020 2:00,0.00,0.00,80.34,0.00,67.87,15.43,7.19,76.04,0.00,98.81,-12.11,-77.05,100622.05,16.04
25,10069,150122,PE,Subgerencia de Desarrollo Ambiental,02/10/2020 0:00,0.00,0.00,82.71,0.00,149.84,19.30,7.20,90.37,0.00,97.60,-12.11,-77.05,100647.21,16.05
239,10069,150122,PE,Subgerencia de Desarrollo Ambiental,11/10/2020 11:00,0.00,0.00,12.72,6.28,18.94,7.82,8.66,96.81,4.54,85.24,-12.11,-77.05,100704.17,19.47
21,10069,150122,PE,Subgerencia de Desarrollo Ambiental,01/10/2020 20:00,0.00,0.00,111.31,0.00,91.45,14.08,7.27,106.65,0.00,94.38,-12.11,-77.05,100565.09,16.58
472,10069,150122,PE,Subgerencia de Desarrollo Ambiental,21/10/2020 4:00,0.00,0.00,85.11,0.00,44.54,12.21,7.18,75.04,0.00,98.45,-12.11,-77.05,100581.35,15.94
727,10069,150122,PE,Subgerencia de Desarrollo Ambiental,31/10/2020 19:00,3.04,0.00,115.91,0.00,180.36,25.99,7.25,94.41,0.00,96.19,-12.11,-77.05,1008.41,16.14
383,10069,150122,PE,Subgerencia de Desarrollo Ambiental,17/10/2020 11:00,0.00,0.00,48.62,0.00,28.77,7.67,8.16,100.70,2.02,91.70,-12.11,-77.05,100585.42,17.93
717,10069,150122,PE,Subgerencia de Desarrollo Ambiental,31/10/2020 9:00,0.00,0.00,76.48,0.00,49.81,8.61,7.69,100.11,0.90,95.19,-12.11,-77.05,1008.48,16.93
153,10069,150122,PE,Subgerencia de Desarrollo Ambiental,07/10/2020 15:00,0.00,0.00,76.02,0.00,31.73,10.75,7.99,98.81,1.42,90.35,-12.11,-77.05,100546.79,17.42
478,10069,150122,PE,Subgerencia de Desarrollo Ambiental,21/10/2020 10:00,0.00,0.00,47.90,0.68,28.68,10.28,8.27,103.08,3.54,93.05,-12.11,-77.05,100803.02,17.67
463,10069,150122,PE,Subgerencia de Desarrollo Ambiental,20/10/2020 19:00,0.00,0.00,128.01,0.00,96.29,15.64,7.37,97.68,0.00,91.88,-12.11,-77.05,100547.06,17.18
132,10069,150122,PE,Subgerencia de Desarrollo Ambiental,06/10/2020 13:00,0.00,0.00,47.24,0.02,21.71,6.85,8.45,107.54,3.96,79.30,-12.11,-77.05,100733.13,20.71
707,10069,150122,PE,Subgerencia de Desarrollo Ambiental,30/10/2020 23:00,0.00,0.00,101.58,0.00,165.44,21.49,7.26,96.56,0.00,92.60,-12.11,-77.05,1008.86,16.75
130,10069,150122,PE,Subgerencia de Desarrollo Ambiental,06/10/2020 11:00,0.00,0.00,18.58,2.94,19.77,7.49,8.71,104.61,5.37,84.69,-12.11,-77.05,100738.27,19.80
347,10069,150122,PE,Subgerencia de Desarrollo Ambiental,15/10/2020 23:00,0.00,0.00,105.07,0.00,243.08,31.04,7.30,89.31,0.00,94.87,-12.11,-77.05,100641.26,16.87
526,10069,150122,PE,Subgerencia de Desarrollo Ambiental,23/10/2020 10:00,0.00,0.00,70.03,0.00,38.11,11.03,7.68,98.10,0.97,92.53,-12.11,-77.05,100783.16,16.85
112,10069,150122,PE,Subgerencia de Desarrollo Ambiental,05/10/2020 17:00,0.00,0.00,98.95,0.00,30.70,6.85,7.97,97.31,0.56,80.30,-12.11,-77.05,100597.54,19.01
34,10069,150122,PE,Subgerencia de Desarrollo Ambiental,02/10/2020 9:00,3.50,0.00,77.86,0.00,35.59,9.78,7.36,95.71,0.45,98.53,-12.11,-77.05,100773.93,16.02
403,10069,150122,PE,Subgerencia de Desarrollo Ambiental,18/10/2020 7:00,0.00,0.00,85.39,0.00,54.00,9.61,7.23,85.64,0.04,99.30,-12.11,-77.05,100672.52,15.88
285,10069,150122,PE,Subgerencia de Desarrollo Ambiental,13/10/2020 9:00,2.80,0.00,92.31,0.00,40.68,9.49,7.50,102.07,0.50,97.50,-12.11,-77.05,100734.73,16.56
427,10069,150122,PE,Subgerencia de Desarrollo Ambiental,19/10/2020 7:00,0.00,0.00,99.64,0.00,176.58,23.15,7.19,101.88,0.01,98.68,-12.11,-77.05,100622.34,15.80
32,10069,150122,PE,Subgerencia de Desarrollo Ambiental,02/10/2020 7:00,0.00,0.00,95.82,0.00,42.05,10.81,7.26,99.60,0.10,99.28,-12.11,-77.05,100591.12,15.76
147,10069,150122,PE,Subgerencia de Desarrollo Ambiental,07/10/2020 9:00,107.87,0.00,86.35,0.00,27.71,12.18,7.93,95.76,1.85,93.26,-12.11,-77.05,100858.23,17.45
163,10069,150122,PE,Subgerencia de Desarrollo Ambiental,08/10/2020 3:00,0.00,0.00,96.25,0.00,55.32,18.49,7.24,67.37,0.00,97.37,-12.11,-77.05,100709.47,16.06
680,10069,150122,PE,Subgerencia de Desarrollo Ambiental,29/10/2020 20:00,1.39,0.00,123.42,0.00,40.47,8.00,7.30,102.61,0.00,91.94,-12.11,-77.05,1007.26,16.76
90,10069,150122,PE,Subgerencia de Desarrollo Ambiental,04/10/2020 19:00,0.00,0.00,87.72,0.00,92.08,23.15,7.14,90.04,0.00,96.29,-12.11,-77.05,100585.84,15.73
86,10069,150122,PE,Subgerencia de Desarrollo Ambiental,04/10/2020 15:00,0.00,0.00,51.28,0.00,55.56,13.33,7.71,99.60,1.07,93.19,-12.11,-77.05,100575.40,16.86
55,10069,150122,PE,Subgerencia de Desarrollo Ambiental,03/10/2020 6:00,0.00,0.00,91.77,0.00,155.92,25.96,7.19,86.67,0.00,99.30,-12.11,-77.05,100557.70,15.25
611,10069,150122,PE,Subgerencia de Desarrollo Ambiental,26/10/2020 23:00,0.00,0.00,99.15,0.00,54.81,11.13,7.20,88.81,0.00,95.53,-12.11,-77.05,100794.28,16.07
376,10069,150122,PE,Subgerencia de Desarrollo Ambiental,17/10/2020 4:00,0.00,0.00,84.37,0.00,378.18,49.78,7.23,73.52,0.00,96.62,-12.11,-77.05,100445.07,16.36
709,10069,150122,PE,Subgerencia de Desarrollo Ambiental,31/10/2020 1:00,0.00,0.00,92.13,0.00,145.31,22.58,7.22,78.47,0.00,94.10,-12.11,-77.05,1007.48,16.49
516,10069,150122,PE,Subgerencia de Desarrollo Ambiental,23/10/2020 0:00,0.00,0.00,93.67,0.00,148.53,24.18,7.17,85.91,0.00,96.21,-12.11,-77.05,100724.13,15.81
632,10069,150122,PE,Subgerencia de Desarrollo Ambiental,27/10/2020 20:00,0.00,0.00,115.17,0.00,66.39,9.85,7.25,101.67,0.00,92.29,-12.11,-77.05,100780.26,16.68
264,10069,150122,PE,Subgerencia de Desarrollo Ambiental,12/10/2020 12:00,0.00,0.00,48.55,0.00,37.89,11.47,8.20,96.50,1.96,90.78,-12.11,-77.05,100730.13,17.92
340,10069,150122,PE,Subgerencia de Desarrollo Ambiental,15/10/2020 16:00,0.00,0.00,106.75,0.00,34.28,7.98,8.04,102.75,0.89,88.52,-12.11,-77.05,100395.26,18.25
461,10069,150122,PE,Subgerencia de Desarrollo Ambiental,20/10/2020 17:00,0.00,0.00,101.31,0.00,32.02,9.48,8.10,97.70,0.21,84.00,-12.11,-77.05,100431.33,18.46
165,10069,150122,PE,Subgerencia de Desarrollo Ambiental,08/10/2020 5:00,0.00,0.00,84.12,0.00,56.22,15.82,7.19,71.97,0.00,97.25,-12.11,-77.05,100708.37,15.86
722,10069,150122,PE,Subgerencia de Desarrollo Ambiental,31/10/2020 14:00,0.00,0.00,59.94,0.00,18.07,4.95,8.29,98.99,1.66,90.72,-12.11,-77.05,1007.46,17.87
39,10069,150122,PE,Subgerencia de Desarrollo Ambiental,02/10/2020 14:00,0.00,0.00,51.28,0.15,32.66,10.70,8.19,99.33,1.82,89.84,-12.11,-77.05,100619.19,17.98
534,10069,150122,PE,Subgerencia de Desarrollo Ambiental,23/10/2020 18:00,0.00,0.00,121.23,0.00,49.94,14.78,7.36,100.51,0.04,92.36,-12.11,-77.05,100676.75,16.66
672,10069,150122,PE,Subgerencia de Desarrollo Ambiental,29/10/2020 12:00,0.00,0.00,34.59,1.07,21.41,6.75,8.59,107.24,4.04,79.38,-12.11,-77.05,1007.21,19.87
10,10069,150122,PE,Subgerencia de Desarrollo Ambiental,01/10/2020 9:00,0.00,0.00,63.26,0.00,31.70,9.78,7.58,100.40,1.14,98.62,-12.11,-77.05,100786.12,16.30
378,10069,150122,PE,Subgerencia de Desarrollo Ambiental,17/10/2020 6:00,0.00,0.00,90.75,0.00,237.92,33.11,7.24,87.51,0.00,97.34,-12.11,-77.05,100508.10,16.38
186,10069,150122,PE,Subgerencia de Desarrollo Ambiental,09/10/2020 6:00,0.00,0.00,101.48,0.00,77.87,15.88,7.23,98.32,0.00,98.06,-12.11,-77.05,100741.88,15.79
600,10069,150122,PE,Subgerencia de Desarrollo Ambiental,26/10/2020 12:00,0.00,0.00,55.58,0.00,39.28,13.53,8.19,101.94,2.03,93.42,-12.11,-77.05,100705.35,17.48
449,10069,150122,PE,Subgerencia de Desarrollo Ambiental,20/10/2020 5:00,0.00,0.00,82.97,0.00,261.28,37.75,7.19,71.74,0.00,96.17,-12.11,-77.05,100487.80,15.99
693,10069,150122,PE,Subgerencia de Desarrollo Ambiental,30/10/2020 9:00,1.73,0.00,82.82,0.00,24.46,12.67,7.58,98.30,0.99,98.78,-12.11,-77.05,1007.15,16.03
250,10069,150122,PE,Subgerencia de Desarrollo Ambiental,11/10/2020 22:00,0.00,0.00,97.45,0.00,64.89,16.69,7.24,86.61,0.00,93.51,-12.11,-77.05,100730.90,16.74
512,10069,150122,PE,Subgerencia de Desarrollo Ambiental,22/10/2020 20:00,0.00,0.00,120.33,0.00,161.24,24.32,7.21,101.51,0.00,91.64,-12.11,-77.05,100659.13,16.58
598,10069,150122,PE,Subgerencia de Desarrollo Ambiental,26/10/2020 10:00,8.34,0.00,68.37,0.00,36.51,13.93,7.83,101.51,1.43,97.33,-12.11,-77.05,100816.85,16.85
656,10069,150122,PE,Subgerencia de Desarrollo Ambiental,28/10/2020 20:00,0.00,0.00,115.04,0.00,58.37,12.41,7.23,104.37,0.00,93.09,-12.11,-77.05,1007.48,16.67
560,10069,150122,PE,Subgerencia de Desarrollo Ambiental,24/10/2020 20:00,0.00,0.00,114.17,0.00,44.89,11.17,7.31,94.87,0.00,93.33,-12.11,-77.05,100846.28,16.76
719,10069,150122,PE,Subgerencia de Desarrollo Ambiental,31/10/2020 11:00,0.00,0.00,53.70,0.00,16.32,4.61,7.94,97.79,1.50,95.31,-12.11,-77.05,1008.18,16.47
711,10069,150122,PE,Subgerencia de Desarrollo Ambiental,31/10/2020 3:00,0.00,0.00,85.30,0.00,159.27,23.66,7.21,76.89,0.00,94.40,-12.11,-77.05,1006.55,16.35
174,10069,150122,PE,Subgerencia de Desarrollo Ambiental,08/10/2020 18:00,0.00,0.00,121.44,0.00,70.26,14.43,7.37,105.05,0.06,94.17,-12.11,-77.05,100666.44,16.54
451,10069,150122,PE,Subgerencia de Desarrollo Ambiental,20/10/2020 7:00,0.00,0.00,108.22,0.00,110.14,19.95,7.23,90.38,0.04,96.38,-12.11,-77.05,100623.26,16.15
143,10069,150122,PE,Subgerencia de Desarrollo Ambiental,07/10/2020 5:00,0.00,0.00,88.22,0.00,48.93,11.63,7.17,80.22,0.00,97.18,-12.11,-77.05,100683.48,15.78
595,10069,150122,PE,Subgerencia de Desarrollo Ambiental,26/10/2020 7:00,1.70,0.00,113.58,0.00,55.33,20.09,7.42,95.84,0.58,99.29,-12.11,-77.05,100615.78,15.96
428,10069,150122,PE,Subgerencia de Desarrollo Ambiental,19/10/2020 8:00,0.00,0.00,96.79,0.00,172.15,26.09,7.25,98.02,0.19,98.35,-12.11,-77.05,100682.42,15.99
548,10069,150122,PE,Subgerencia de Desarrollo Ambiental,24/10/2020 8:00,0.00,0.00,83.20,0.00,49.59,12.39,7.35,100.53,0.49,96.29,-12.11,-77.05,100983.73,16.50
246,10069,150122,PE,Subgerencia de Desarrollo Ambiental,11/10/2020 18:00,0.00,0.00,106.68,0.00,45.78,12.58,7.66,101.20,0.09,88.32,-12.11,-77.05,100530.93,17.98
259,10069,150122,PE,Subgerencia de Desarrollo Ambiental,12/10/2020 7:00,0.00,0.00,98.27,0.00,35.35,11.23,7.23,98.37,0.03,96.75,-12.11,-77.05,100742.30,15.78
484,10069,150122,PE,Subgerencia de Desarrollo Ambiental,21/10/2020 16:00,0.00,0.00,74.97,0.00,55.06,10.22,8.57,106.13,0.39,74.30,-12.11,-77.05,100560.02,20.68
379,10069,150122,PE,Subgerencia de Desarrollo Ambiental,17/10/2020 7:00,0.00,0.00,97.32,0.00,198.13,31.06,7.32,96.61,0.03,96.98,-12.11,-77.05,100566.71,16.57
659,10069,150122,PE,Subgerencia de Desarrollo Ambiental,28/10/2020 23:00,0.00,0.00,97.98,0.00,68.18,13.27,7.21,89.14,0.00,93.44,-12.11,-77.05,1008.43,16.48
519,10069,150122,PE,Subgerencia de Desarrollo Ambiental,23/10/2020 3:00,0.00,0.00,87.82,0.00,78.01,18.40,7.18,75.98,0.00,96.91,-12.11,-77.05,100583.07,15.59
423,10069,150122,PE,Subgerencia de Desarrollo Ambiental,19/10/2020 3:00,0.00,0.00,83.91,0.00,223.93,27.93,7.22,76.06,0.00,97.43,-12.11,-77.05,100530.63,16.42
252,10069,150122,PE,Subgerencia de Desarrollo Ambiental,12/10/2020 0:00,0.00,0.00,90.93,0.00,70.27,15.79,7.19,93.70,0.00,95.26,-12.11,-77.05,100755.45,16.40
570,10069,150122,PE,Subgerencia de Desarrollo Ambiental,25/10/2020 6:00,0.00,0.00,93.59,0.00,46.35,17.77,7.22,76.90,0.00,98.32,-12.11,-77.05,100682.44,15.73
23,10069,150122,PE,Subgerencia de Desarrollo Ambiental,01/10/2020 22:00,0.00,0.00,93.27,0.00,111.45,15.49,7.24,101.44,0.00,96.11,-12.11,-77.05,100714.41,16.33
176,10069,150122,PE,Subgerencia de Desarrollo Ambiental,08/10/2020 20:00,0.00,0.00,109.67,0.00,70.96,14.01,7.23,94.65,0.00,95.21,-12.11,-77.05,100770.47,16.41
46,10069,150122,PE,Subgerencia de Desarrollo Ambiental,02/10/2020 21:00,0.00,0.00,102.87,0.00,140.67,20.36,7.24,99.53,0.00,97.81,-12.11,-77.05,100780.60,16.33
87,10069,150122,PE,Subgerencia de Desarrollo Ambiental,04/10/2020 16:00,0.00,0.00,72.53,0.00,56.64,13.56,7.45,90.05,0.58,94.59,-12.11,-77.05,100561.75,16.20
211,10069,150122,PE,Subgerencia de Desarrollo Ambiental,10/10/2020 7:00,0.00,0.00,101.16,0.00,46.51,14.15,7.28,94.08,0.10,94.86,-12.11,-77.05,100845.52,16.12
241,10069,150122,PE,Subgerencia de Desarrollo Ambiental,11/10/2020 13:00,0.00,0.00,42.36,5.74,19.16,8.01,8.60,100.92,3.02,84.52,-12.11,-77.05,100632.29,19.34
50,10069,150122,PE,Subgerencia de Desarrollo Ambiental,03/10/2020 1:00,0.00,0.00,81.08,0.00,62.55,15.66,7.20,72.39,0.00,98.14,-12.11,-77.05,100663.79,16.11
502,10069,150122,PE,Subgerencia de Desarrollo Ambiental,22/10/2020 10:00,0.00,0.00,34.00,0.20,33.51,12.51,8.25,102.08,2.67,93.05,-12.11,-77.05,100713.26,17.00
723,10069,150122,PE,Subgerencia de Desarrollo Ambiental,31/10/2020 15:00,0.00,0.00,80.60,0.00,26.73,5.19,8.21,98.11,1.15,89.84,-12.11,-77.05,1007.19,17.93
14,10069,150122,PE,Subgerencia de Desarrollo Ambiental,01/10/2020 13:00,0.00,0.00,43.61,0.53,21.66,7.63,8.30,101.30,3.59,89.64,-12.11,-77.05,100671.90,17.99
485,10069,150122,PE,Subgerencia de Desarrollo Ambiental,21/10/2020 17:00,0.00,0.00,109.08,0.00,107.51,16.82,7.93,104.33,0.40,80.47,-12.11,-77.05,100544.62,18.70
3,10069,150122,PE,Subgerencia de Desarrollo Ambiental,01/10/2020 2:00,0.00,0.00,79.02,0.00,172.84,20.43,7.20,69.13,0.00,98.08,-12.11,-77.05,100689.52,15.87
573,10069,150122,PE,Subgerencia de Desarrollo Ambiental,25/10/2020 9:00,0.00,0.00,74.61,0.00,35.55,17.74,7.56,96.82,0.81,96.80,-12.11,-77.05,100865.80,16.53
248,10069,150122,PE,Subgerencia de Desarrollo Ambiental,11/10/2020 20:00,0.00,0.00,109.02,0.00,89.48,17.59,7.28,106.09,0.00,92.36,-12.11,-77.05,100688.36,17.15
505,10069,150122,PE,Subgerencia de Desarrollo Ambiental,22/10/2020 13:00,0.00,0.00,57.96,0.01,32.06,11.61,8.30,101.42,2.43,88.34,-12.11,-77.05,100588.12,17.86
53,10069,150122,PE,Subgerencia de Desarrollo Ambiental,03/10/2020 4:00,0.00,0.00,81.10,0.00,63.17,17.80,7.19,71.82,0.00,99.27,-12.11,-77.05,100508.12,15.71
77,10069,150122,PE,Subgerencia de Desarrollo Ambiental,04/10/2020 6:00,0.00,0.00,76.88,0.00,136.26,21.24,7.16,75.09,0.00,98.78,-12.11,-77.05,100640.10,15.44
212,10069,150122,PE,Subgerencia de Desarrollo Ambiental,10/10/2020 8:00,0.00,0.00,87.96,0.00,28.10,13.44,7.48,102.03,0.67,93.65,-12.11,-77.05,100884.82,16.47
522,10069,150122,PE,Subgerencia de Desarrollo Ambiental,23/10/2020 6:00,0.00,0.00,95.01,0.00,64.07,16.62,7.19,83.73,0.00,97.34,-12.11,-77.05,100610.23,15.28
297,10069,150122,PE,Subgerencia de Desarrollo Ambiental,13/10/2020 21:00,0.00,0.00,105.56,0.00,102.52,12.99,7.24,95.84,0.00,94.58,-12.11,-77.05,100661.31,16.30
213,10069,150122,PE,Subgerencia de Desarrollo Ambiental,10/10/2020 9:00,0.00,0.00,71.98,0.00,32.76,16.12,8.00,98.30,2.34,91.58,-12.11,-77.05,100893.18,17.17
580,10069,150122,PE,Subgerencia de Desarrollo Ambiental,25/10/2020 16:00,0.00,0.00,82.67,0.00,34.78,9.55,7.84,94.00,0.86,90.30,-12.11,-77.05,100625.39,17.82
401,10069,150122,PE,Subgerencia de Desarrollo Ambiental,18/10/2020 5:00,0.00,0.00,82.77,0.00,114.18,17.35,7.19,71.64,0.00,99.30,-12.11,-77.05,100529.58,15.67
262,10069,150122,PE,Subgerencia de Desarrollo Ambiental,12/10/2020 10:00,2.48,0.00,66.62,0.00,28.79,9.78,7.83,95.90,1.21,92.97,-12.11,-77.05,100838.68,17.29
457,10069,150122,PE,Subgerencia de Desarrollo Ambiental,20/10/2020 13:00,0.00,0.00,16.74,3.36,28.99,8.91,9.29,99.13,2.54,71.41,-12.11,-77.05,100652.89,22.62
203,10069,150122,PE,Subgerencia de Desarrollo Ambiental,09/10/2020 23:00,0.00,0.00,98.40,0.00,89.15,14.80,7.24,95.27,0.00,95.60,-12.11,-77.05,100980.34,16.00
68,10069,150122,PE,Subgerencia de Desarrollo Ambiental,03/10/2020 21:00,0.00,0.00,109.73,0.00,142.39,20.50,7.21,98.54,0.00,96.71,-12.11,-77.05,100666.67,15.96
603,10069,150122,PE,Subgerencia de Desarrollo Ambiental,26/10/2020 15:00,0.00,0.00,72.54,0.00,23.22,7.81,8.23,99.51,1.34,89.63,-12.11,-77.05,100538.96,18.13
243,10069,150122,PE,Subgerencia de Desarrollo Ambiental,11/10/2020 15:00,0.00,0.00,70.71,0.08,24.09,9.68,8.24,97.95,1.21,85.65,-12.11,-77.05,100489.16,18.67
107,10069,150122,PE,Subgerencia de Desarrollo Ambiental,05/10/2020 12:00,142.34,0.17,80.01,0.00,46.18,11.42,8.71,99.50,1.67,77.33,-12.11,-77.05,100761.92,20.85
432,10069,150122,PE,Subgerencia de Desarrollo Ambiental,19/10/2020 12:00,0.00,0.00,24.19,0.73,36.67,7.89,8.53,100.59,3.62,86.69,-12.11,-77.05,100582.23,18.74
394,10069,150122,PE,Subgerencia de Desarrollo Ambiental,17/10/2020 22:00,0.00,0.00,107.02,0.00,189.40,22.42,7.22,92.83,0.00,95.44,-12.11,-77.05,100687.15,16.45
393,10069,150122,PE,Subgerencia de Desarrollo Ambiental,17/10/2020 21:00,0.00,0.00,107.58,0.00,166.95,20.93,7.21,104.00,0.00,94.78,-12.11,-77.05,100639.05,16.64
704,10069,150122,PE,Subgerencia de Desarrollo Ambiental,30/10/2020 20:00,0.00,0.00,115.32,0.00,119.31,16.36,7.33,95.44,0.00,92.63,-12.11,-77.05,1008.66,16.81
507,10069,150122,PE,Subgerencia de Desarrollo Ambiental,22/10/2020 15:00,0.00,0.00,78.99,0.00,41.81,13.62,8.12,98.01,1.41,89.32,-12.11,-77.05,100522.56,17.62
373,10069,150122,PE,Subgerencia de Desarrollo Ambiental,17/10/2020 1:00,0.00,0.00,87.09,0.00,288.46,33.33,7.24,74.61,0.00,96.25,-12.11,-77.05,100540.44,16.54
265,10069,150122,PE,Subgerencia de Desarrollo Ambiental,12/10/2020 13:00,0.00,0.00,64.16,0.09,47.85,14.14,8.06,98.01,1.59,91.04,-12.11,-77.05,100672.25,17.72
71,10069,150122,PE,Subgerencia de Desarrollo Ambiental,04/10/2020 0:00,0.00,0.00,79.73,0.00,88.89,17.38,7.22,79.09,0.00,99.30,-12.11,-77.05,100740.12,15.50
597,10069,150122,PE,Subgerencia de Desarrollo Ambiental,26/10/2020 9:00,0.00,0.00,83.74,0.00,39.06,14.81,7.48,103.62,0.79,98.03,-12.11,-77.05,100800.96,16.11
698,10069,150122,PE,Subgerencia de Desarrollo Ambiental,30/10/2020 14:00,0.00,0.00,85.37,0.00,33.16,8.45,8.02,96.81,1.11,88.02,-12.11,-77.05,1006.68,18.40
608,10069,150122,PE,Subgerencia de Desarrollo Ambiental,26/10/2020 20:00,0.00,0.00,125.92,0.00,82.54,13.64,7.24,95.50,0.00,93.99,-12.11,-77.05,100654.62,16.59
215,10069,150122,PE,Subgerencia de Desarrollo Ambiental,10/10/2020 11:00,0.00,0.00,46.46,0.02,18.32,6.93,8.35,101.63,2.19,83.95,-12.11,-77.05,100882.73,18.68
690,10069,150122,PE,Subgerencia de Desarrollo Ambiental,30/10/2020 6:00,0.00,0.00,94.17,0.00,45.22,15.29,7.21,85.95,0.00,98.37,-12.11,-77.05,1006.16,15.40
554,10069,150122,PE,Subgerencia de Desarrollo Ambiental,24/10/2020 14:00,0.00,0.00,53.94,0.02,27.52,9.39,8.45,100.67,1.19,84.72,-12.11,-77.05,100789.30,19.42
263,10069,150122,PE,Subgerencia de Desarrollo Ambiental,12/10/2020 11:00,0.00,0.00,43.18,0.00,30.23,9.70,8.10,97.82,1.92,91.61,-12.11,-77.05,100768.70,17.49
190,10069,150122,PE,Subgerencia de Desarrollo Ambiental,09/10/2020 10:00,30.36,0.00,76.44,0.00,38.84,9.70,7.81,97.64,1.01,90.83,-12.11,-77.05,100839.49,17.89
601,10069,150122,PE,Subgerencia de Desarrollo Ambiental,26/10/2020 13:00,0.00,0.00,46.98,0.05,23.53,9.51,8.38,101.73,2.55,91.40,-12.11,-77.05,100634.39,17.92
557,10069,150122,PE,Subgerencia de Desarrollo Ambiental,24/10/2020 17:00,0.00,0.00,93.36,0.00,24.00,8.68,7.99,99.86,0.62,87.65,-12.11,-77.05,100707.75,18.13
105,10069,150122,PE,Subgerencia de Desarrollo Ambiental,05/10/2020 10:00,315.49,1.74,87.18,0.00,26.27,7.92,8.23,100.69,1.33,82.92,-12.11,-77.05,100832.82,18.78
697,10069,150122,PE,Subgerencia de Desarrollo Ambiental,30/10/2020 13:00,0.00,0.00,90.02,0.00,47.78,11.65,7.92,95.76,1.11,90.89,-12.11,-77.05,1007.03,17.76
261,10069,150122,PE,Subgerencia de Desarrollo Ambiental,12/10/2020 9:00,0.00,0.00,76.33,0.00,33.82,11.02,7.56,100.96,0.60,95.23,-12.11,-77.05,100872.09,16.84
177,10069,150122,PE,Subgerencia de Desarrollo Ambiental,08/10/2020 21:00,0.00,0.00,105.03,0.00,55.45,12.71,7.25,98.17,0.00,95.94,-12.11,-77.05,100827.79,16.29
456,10069,150122,PE,Subgerencia de Desarrollo Ambiental,20/10/2020 12:00,0.00,0.00,33.98,0.02,38.46,9.24,8.83,99.85,2.62,76.89,-12.11,-77.05,100713.05,21.28
113,10069,150122,PE,Subgerencia de Desarrollo Ambiental,05/10/2020 18:00,0.00,0.00,120.70,0.00,30.77,6.51,7.55,99.30,0.09,85.12,-12.11,-77.05,100637.28,17.99
574,10069,150122,PE,Subgerencia de Desarrollo Ambiental,25/10/2020 10:00,0.00,0.00,62.26,0.00,33.15,13.72,7.65,98.69,1.10,95.53,-12.11,-77.05,100899.61,16.86
237,10069,150122,PE,Subgerencia de Desarrollo Ambiental,11/10/2020 9:00,0.00,0.00,35.95,0.00,29.16,10.45,8.48,90.43,4.21,95.98,-12.11,-77.05,100733.91,17.29
89,10069,150122,PE,Subgerencia de Desarrollo Ambiental,04/10/2020 18:00,0.00,0.00,87.10,0.00,69.26,15.92,7.21,91.43,0.06,95.94,-12.11,-77.05,100566.47,16.07
161,10069,150122,PE,Subgerencia de Desarrollo Ambiental,08/10/2020 1:00,0.00,0.00,91.58,0.00,56.30,17.24,7.20,68.12,0.00,97.47,-12.11,-77.05,100804.25,16.02
439,10069,150122,PE,Subgerencia de Desarrollo Ambiental,19/10/2020 19:00,0.00,0.00,131.71,0.00,178.24,21.52,7.34,102.02,0.00,90.54,-12.11,-77.05,100466.79,17.03
657,10069,150122,PE,Subgerencia de Desarrollo Ambiental,28/10/2020 21:00,0.00,0.00,109.29,0.00,61.43,12.69,7.23,101.02,0.00,92.98,-12.11,-77.05,1008.10,16.61
510,10069,150122,PE,Subgerencia de Desarrollo Ambiental,22/10/2020 18:00,0.00,0.00,111.41,0.00,161.07,23.80,7.62,103.01,0.12,86.75,-12.11,-77.05,100584.04,17.56
435,10069,150122,PE,Subgerencia de Desarrollo Ambiental,19/10/2020 15:00,0.00,0.00,70.22,0.00,25.26,7.06,8.25,101.87,0.45,84.45,-12.11,-77.05,100348.65,19.09
52,10069,150122,PE,Subgerencia de Desarrollo Ambiental,03/10/2020 3:00,0.00,0.00,79.10,0.00,62.97,15.74,7.18,72.06,0.00,98.99,-12.11,-77.05,100581.40,15.95
511,10069,150122,PE,Subgerencia de Desarrollo Ambiental,22/10/2020 19:00,0.00,0.00,126.69,0.00,169.80,24.92,7.26,106.71,0.00,90.35,-12.11,-77.05,100623.58,16.76
93,10069,150122,PE,Subgerencia de Desarrollo Ambiental,04/10/2020 22:00,0.00,0.00,87.97,0.00,157.53,20.34,7.13,87.45,0.00,98.41,-12.11,-77.05,100750.83,15.45
124,10069,150122,PE,Subgerencia de Desarrollo Ambiental,06/10/2020 5:00,0.00,0.00,80.80,0.00,138.23,20.17,7.19,68.11,0.00,99.30,-12.11,-77.05,100662.99,15.66
146,10069,150122,PE,Subgerencia de Desarrollo Ambiental,07/10/2020 8:00,14.37,0.00,103.34,0.00,42.44,16.04,7.34,98.57,0.20,96.62,-12.11,-77.05,100827.92,16.24
276,10069,150122,PE,Subgerencia de Desarrollo Ambiental,13/10/2020 0:00,0.00,0.00,90.01,0.00,75.73,14.03,7.21,97.38,0.00,96.81,-12.11,-77.05,100552.61,16.07
133,10069,150122,PE,Subgerencia de Desarrollo Ambiental,06/10/2020 14:00,0.00,0.00,44.57,2.49,15.27,6.10,8.43,99.31,1.44,80.59,-12.11,-77.05,100716.86,19.87
666,10069,150122,PE,Subgerencia de Desarrollo Ambiental,29/10/2020 6:00,0.00,0.00,103.22,0.00,32.22,10.52,7.25,86.94,0.00,95.56,-12.11,-77.05,1006.89,16.04
309,10069,150122,PE,Subgerencia de Desarrollo Ambiental,14/10/2020 9:00,0.00,0.00,69.71,0.00,25.46,7.04,7.59,101.83,0.86,92.27,-12.11,-77.05,100708.20,16.76
35,10069,150122,PE,Subgerencia de Desarrollo Ambiental,02/10/2020 10:00,0.00,0.00,72.02,0.00,41.58,11.81,7.56,99.12,0.79,98.19,-12.11,-77.05,100805.32,16.56
643,10069,150122,PE,Subgerencia de Desarrollo Ambiental,28/10/2020 7:00,0.00,0.00,97.07,0.00,44.94,10.17,7.23,95.62,0.11,97.17,-12.11,-77.05,100819.91,15.95
692,10069,150122,PE,Subgerencia de Desarrollo Ambiental,30/10/2020 8:00,0.05,0.00,97.93,0.00,38.12,17.47,7.33,98.03,0.31,99.28,-12.11,-77.05,1006.97,15.57
230,10069,150122,PE,Subgerencia de Desarrollo Ambiental,11/10/2020 2:00,0.00,0.00,90.11,0.00,63.91,13.87,7.23,66.41,0.00,96.97,-12.11,-77.05,100663.42,16.12
59,10069,150122,PE,Subgerencia de Desarrollo Ambiental,03/10/2020 10:00,0.00,0.00,70.93,0.00,31.56,7.31,7.54,94.98,1.03,99.30,-12.11,-77.05,100751.01,16.10
517,10069,150122,PE,Subgerencia de Desarrollo Ambiental,23/10/2020 1:00,0.00,0.00,90.80,0.00,107.54,20.55,7.18,76.34,0.00,96.93,-12.11,-77.05,100666.71,15.75
355,10069,150122,PE,Subgerencia de Desarrollo Ambiental,16/10/2020 7:00,0.00,0.00,96.34,0.00,57.71,15.04,7.25,100.23,0.08,99.30,-12.11,-77.05,100606.78,15.85
677,10069,150122,PE,Subgerencia de Desarrollo Ambiental,29/10/2020 17:00,0.00,0.00,93.52,0.00,31.33,7.95,8.15,102.81,0.38,84.61,-12.11,-77.05,1005.41,18.85
166,10069,150122,PE,Subgerencia de Desarrollo Ambiental,08/10/2020 6:00,0.00,0.00,106.89,0.00,65.72,18.71,7.24,93.05,0.00,97.22,-12.11,-77.05,100757.09,15.91
545,10069,150122,PE,Subgerencia de Desarrollo Ambiental,24/10/2020 5:00,0.00,0.00,85.62,0.00,42.82,10.68,7.18,77.70,0.00,96.25,-12.11,-77.05,100791.20,16.03
578,10069,150122,PE,Subgerencia de Desarrollo Ambiental,25/10/2020 14:00,0.00,0.00,62.64,0.00,19.97,6.79,8.09,99.86,1.57,90.89,-12.11,-77.05,100720.45,17.75
191,10069,150122,PE,Subgerencia de Desarrollo Ambiental,09/10/2020 11:00,0.00,0.00,53.19,0.00,41.39,10.10,8.06,98.27,1.47,85.94,-12.11,-77.05,100802.63,18.89
703,10069,150122,PE,Subgerencia de Desarrollo Ambiental,30/10/2020 19:00,22.92,0.00,113.94,0.00,63.79,11.20,7.40,96.98,0.00,92.23,-12.11,-77.05,1008.36,16.99
275,10069,150122,PE,Subgerencia de Desarrollo Ambiental,12/10/2020 23:00,0.00,0.00,95.19,0.00,64.26,12.59,7.22,95.06,0.00,96.50,-12.11,-77.05,100578.32,16.23
156,10069,150122,PE,Subgerencia de Desarrollo Ambiental,07/10/2020 20:00,0.00,0.00,121.04,0.00,113.06,18.32,7.26,96.78,0.00,93.67,-12.11,-77.05,100713.56,16.68
569,10069,150122,PE,Subgerencia de Desarrollo Ambiental,25/10/2020 5:00,0.00,0.00,91.09,0.00,35.74,15.68,7.22,77.80,0.00,98.07,-12.11,-77.05,100624.72,15.74
646,10069,150122,PE,Subgerencia de Desarrollo Ambiental,28/10/2020 10:00,0.00,0.00,45.23,0.00,23.34,6.41,8.28,103.36,2.91,93.37,-12.11,-77.05,100849.10,17.73
604,10069,150122,PE,Subgerencia de Desarrollo Ambiental,26/10/2020 16:00,0.00,0.00,65.87,0.00,22.26,7.09,8.41,101.60,0.45,84.76,-12.11,-77.05,100507.88,19.17
85,10069,150122,PE,Subgerencia de Desarrollo Ambiental,04/10/2020 14:00,0.00,0.00,56.65,0.00,55.05,14.11,7.64,88.45,1.26,95.11,-12.11,-77.05,100625.88,16.84
364,10069,150122,PE,Subgerencia de Desarrollo Ambiental,16/10/2020 16:00,1.28,0.00,73.46,0.00,62.37,10.63,8.42,99.19,0.69,82.28,-12.11,-77.05,100287.75,19.84
483,10069,150122,PE,Subgerencia de Desarrollo Ambiental,21/10/2020 15:00,0.00,0.00,61.19,0.00,36.95,8.48,8.62,102.56,0.48,76.65,-12.11,-77.05,100573.91,20.48
346,10069,150122,PE,Subgerencia de Desarrollo Ambiental,15/10/2020 22:00,0.00,0.00,107.50,0.00,182.49,22.90,7.28,95.10,0.00,94.90,-12.11,-77.05,100658.97,16.89
283,10069,150122,PE,Subgerencia de Desarrollo Ambiental,13/10/2020 7:00,0.00,0.00,97.96,0.00,67.52,13.97,7.22,95.34,0.02,99.05,-12.11,-77.05,100603.12,15.76
350,10069,150122,PE,Subgerencia de Desarrollo Ambiental,16/10/2020 2:00,0.00,0.00,87.77,0.00,163.36,20.82,7.22,75.03,0.00,97.31,-12.11,-77.05,100513.94,16.18
482,10069,150122,PE,Subgerencia de Desarrollo Ambiental,21/10/2020 14:00,0.00,0.00,37.81,0.11,36.29,7.81,8.68,103.67,1.01,76.85,-12.11,-77.05,100614.24,20.73
670,10069,150122,PE,Subgerencia de Desarrollo Ambiental,29/10/2020 10:00,0.00,0.00,50.58,0.00,21.55,8.84,8.44,102.06,2.91,84.75,-12.11,-77.05,1008.48,19.42
575,10069,150122,PE,Subgerencia de Desarrollo Ambiental,25/10/2020 11:00,0.00,0.00,59.46,0.00,32.03,9.96,7.70,88.78,1.32,94.14,-12.11,-77.05,100902.01,17.09
537,10069,150122,PE,Subgerencia de Desarrollo Ambiental,23/10/2020 21:00,0.00,0.00,107.37,0.00,109.92,16.64,7.24,99.27,0.00,92.74,-12.11,-77.05,100901.69,16.76
160,10069,150122,PE,Subgerencia de Desarrollo Ambiental,08/10/2020 0:00,0.00,0.00,90.01,0.00,58.36,14.77,7.20,81.54,0.00,96.98,-12.11,-77.05,100853.57,16.11
216,10069,150122,PE,Subgerencia de Desarrollo Ambiental,10/10/2020 12:00,0.00,0.00,15.37,3.17,13.71,4.48,9.11,98.58,3.99,76.84,-12.11,-77.05,100813.12,20.12
251,10069,150122,PE,Subgerencia de Desarrollo Ambiental,11/10/2020 23:00,0.00,0.00,94.32,0.00,58.70,15.52,7.20,84.98,0.00,94.61,-12.11,-77.05,100757.92,16.50
370,10069,150122,PE,Subgerencia de Desarrollo Ambiental,16/10/2020 22:00,0.00,0.00,110.50,0.00,191.48,21.52,7.33,100.43,0.00,94.78,-12.11,-77.05,100590.55,16.92
84,10069,150122,PE,Subgerencia de Desarrollo Ambiental,04/10/2020 13:00,0.00,0.00,44.97,0.04,46.80,12.96,7.68,101.36,0.96,97.04,-12.11,-77.05,100670.78,16.44
224,10069,150122,PE,Subgerencia de Desarrollo Ambiental,10/10/2020 20:00,0.00,0.00,130.16,0.00,120.91,15.02,7.29,94.36,0.00,93.22,-12.11,-77.05,100764.63,16.90
12,10069,150122,PE,Subgerencia de Desarrollo Ambiental,01/10/2020 11:00,0.00,0.00,14.85,0.39,22.78,7.76,8.41,103.29,3.92,92.50,-12.11,-77.05,100739.47,17.28
145,10069,150122,PE,Subgerencia de Desarrollo Ambiental,07/10/2020 7:00,0.00,0.00,96.79,0.00,47.76,15.18,7.22,102.09,0.03,97.58,-12.11,-77.05,100753.01,15.76
310,10069,150122,PE,Subgerencia de Desarrollo Ambiental,14/10/2020 10:00,0.00,0.00,55.97,0.00,35.11,7.35,7.98,101.58,1.38,88.30,-12.11,-77.05,100735.21,17.98
673,10069,150122,PE,Subgerencia de Desarrollo Ambiental,29/10/2020 13:00,0.00,0.00,61.13,0.00,22.21,6.92,8.42,103.49,2.43,83.42,-12.11,-77.05,1006.76,18.96
366,10069,150122,PE,Subgerencia de Desarrollo Ambiental,16/10/2020 18:00,0.00,0.00,114.87,0.00,166.18,21.37,7.56,104.65,0.16,90.98,-12.11,-77.05,100367.73,17.37
647,10069,150122,PE,Subgerencia de Desarrollo Ambiental,28/10/2020 11:00,0.00,0.00,47.58,0.00,23.44,7.05,8.11,99.38,1.89,92.36,-12.11,-77.05,100818.40,17.18
102,10069,150122,PE,Subgerencia de Desarrollo Ambiental,05/10/2020 7:00,38.04,0.00,134.98,0.00,31.30,11.06,7.40,96.10,0.06,99.30,-12.11,-77.05,100767.61,15.31
664,10069,150122,PE,Subgerencia de Desarrollo Ambiental,29/10/2020 4:00,0.00,0.00,94.60,0.00,30.21,13.76,7.23,75.99,0.00,95.60,-12.11,-77.05,1006.00,15.93
623,10069,150122,PE,Subgerencia de Desarrollo Ambiental,27/10/2020 11:00,0.00,0.00,72.40,0.00,43.46,11.45,7.71,100.71,1.37,97.08,-12.11,-77.05,100797.32,16.36
78,10069,150122,PE,Subgerencia de Desarrollo Ambiental,04/10/2020 7:00,0.00,0.00,82.80,0.00,97.42,24.39,7.20,83.14,0.02,98.90,-12.11,-77.05,100695.44,15.46
687,10069,150122,PE,Subgerencia de Desarrollo Ambiental,30/10/2020 3:00,0.00,0.00,88.35,0.00,49.67,11.01,7.18,76.00,0.00,96.26,-12.11,-77.05,1005.54,15.95
228,10069,150122,PE,Subgerencia de Desarrollo Ambiental,11/10/2020 0:00,0.00,0.00,97.77,0.00,106.38,16.88,7.23,85.79,0.00,95.57,-12.11,-77.05,100783.88,16.74
582,10069,150122,PE,Subgerencia de Desarrollo Ambiental,25/10/2020 18:00,0.00,0.00,92.59,0.00,39.60,8.77,7.54,93.30,0.11,90.37,-12.11,-77.05,100596.45,17.31
544,10069,150122,PE,Subgerencia de Desarrollo Ambiental,24/10/2020 4:00,0.00,0.00,85.79,0.00,34.64,9.89,7.18,74.52,0.00,95.90,-12.11,-77.05,100775.58,16.07
562,10069,150122,PE,Subgerencia de Desarrollo Ambiental,24/10/2020 22:00,0.00,0.00,107.79,0.00,36.06,10.32,7.26,93.67,0.00,95.80,-12.11,-77.05,100877.31,16.36
97,10069,150122,PE,Subgerencia de Desarrollo Ambiental,05/10/2020 2:00,0.00,0.00,87.98,0.00,157.90,20.89,7.16,85.58,0.00,99.30,-12.11,-77.05,100747.23,15.00
194,10069,150122,PE,Subgerencia de Desarrollo Ambiental,09/10/2020 14:00,0.00,0.00,53.58,0.00,34.22,8.24,8.37,104.84,1.94,81.10,-12.11,-77.05,100605.81,18.97
321,10069,150122,PE,Subgerencia de Desarrollo Ambiental,14/10/2020 21:00,0.00,0.00,127.19,0.00,170.42,21.54,7.28,96.71,0.00,91.96,-12.11,-77.05,100701.11,16.27
303,10069,150122,PE,Subgerencia de Desarrollo Ambiental,14/10/2020 3:00,0.00,0.00,84.02,0.00,163.01,20.55,7.20,76.19,0.00,95.39,-12.11,-77.05,100499.09,15.90
208,10069,150122,PE,Subgerencia de Desarrollo Ambiental,10/10/2020 4:00,0.00,0.00,94.13,0.00,91.93,18.10,7.21,80.43,0.00,95.09,-12.11,-77.05,100752.73,15.95
538,10069,150122,PE,Subgerencia de Desarrollo Ambiental,23/10/2020 22:00,0.00,0.00,103.96,0.00,116.39,17.55,7.23,94.44,0.00,92.18,-12.11,-77.05,100923.57,16.80
201,10069,150122,PE,Subgerencia de Desarrollo Ambiental,09/10/2020 21:00,0.00,0.00,102.17,0.00,34.21,10.28,7.23,99.26,0.00,94.66,-12.11,-77.05,100856.29,16.00
225,10069,150122,PE,Subgerencia de Desarrollo Ambiental,10/10/2020 21:00,0.00,0.00,114.77,0.00,90.16,12.78,7.26,100.85,0.00,95.10,-12.11,-77.05,100829.80,16.58
300,10069,150122,PE,Subgerencia de Desarrollo Ambiental,14/10/2020 0:00,0.00,0.00,89.80,0.00,163.85,18.50,7.20,91.20,0.00,95.15,-12.11,-77.05,100659.70,16.07
272,10069,150122,PE,Subgerencia de Desarrollo Ambiental,12/10/2020 20:00,0.00,0.00,123.43,0.00,84.97,16.51,7.27,98.08,0.00,96.61,-12.11,-77.05,100452.06,16.26
648,10069,150122,PE,Subgerencia de Desarrollo Ambiental,28/10/2020 12:00,0.00,0.00,69.25,0.00,20.40,6.51,7.94,99.86,1.67,93.22,-12.11,-77.05,52787.02,16.94
101,10069,150122,PE,Subgerencia de Desarrollo Ambiental,05/10/2020 6:00,0.00,0.00,109.36,0.00,42.03,13.75,7.26,85.42,0.00,99.30,-12.11,-77.05,100723.84,15.18
94,10069,150122,PE,Subgerencia de Desarrollo Ambiental,04/10/2020 23:00,0.00,0.22,93.40,0.27,286.20,24.16,7.22,87.09,0.00,99.29,-12.11,-77.05,100802.85,15.15
481,10069,150122,PE,Subgerencia de Desarrollo Ambiental,21/10/2020 13:00,0.00,0.00,41.19,0.19,40.67,9.59,8.56,103.69,2.57,84.35,-12.11,-77.05,100691.86,19.19
464,10069,150122,PE,Subgerencia de Desarrollo Ambiental,20/10/2020 20:00,0.00,0.00,116.53,0.00,116.38,17.03,7.24,97.48,0.00,93.00,-12.11,-77.05,100608.63,16.75
141,10069,150122,PE,Subgerencia de Desarrollo Ambiental,07/10/2020 3:00,0.00,0.00,83.63,0.00,49.23,10.27,7.17,82.76,0.00,96.90,-12.11,-77.05,100657.31,15.90
397,10069,150122,PE,Subgerencia de Desarrollo Ambiental,18/10/2020 1:00,0.00,0.00,92.87,0.00,189.35,18.50,7.17,92.40,0.00,98.74,-12.11,-77.05,100599.26,15.96
551,10069,150122,PE,Subgerencia de Desarrollo Ambiental,24/10/2020 11:00,0.00,0.00,27.57,0.08,27.10,9.90,8.42,99.15,2.26,88.61,-12.11,-77.05,100953.81,18.58
172,10069,150122,PE,Subgerencia de Desarrollo Ambiental,08/10/2020 12:00,0.00,0.00,29.81,0.11,40.24,13.29,8.54,102.99,3.05,83.29,-12.11,-77.05,100814.19,19.19
330,10069,150122,PE,Subgerencia de Desarrollo Ambiental,15/10/2020 6:00,0.00,0.00,100.96,0.00,398.89,50.36,7.24,83.20,0.01,99.06,-12.11,-77.05,100435.99,15.33
247,10069,150122,PE,Subgerencia de Desarrollo Ambiental,11/10/2020 19:00,0.00,0.00,115.75,0.00,95.72,17.75,7.33,101.28,0.00,91.78,-12.11,-77.05,100631.06,17.30
181,10069,150122,PE,Subgerencia de Desarrollo Ambiental,09/10/2020 1:00,0.00,0.00,93.48,0.00,55.16,17.11,7.22,80.56,0.00,97.01,-12.11,-77.05,100804.76,16.02
57,10069,150122,PE,Subgerencia de Desarrollo Ambiental,03/10/2020 8:00,0.00,0.00,92.40,0.00,48.87,9.27,7.21,95.91,0.11,99.30,-12.11,-77.05,100733.94,15.05
183,10069,150122,PE,Subgerencia de Desarrollo Ambiental,09/10/2020 3:00,0.00,0.00,92.79,0.00,59.02,15.85,7.24,69.38,0.00,97.04,-12.11,-77.05,100729.99,16.07
308,10069,150122,PE,Subgerencia de Desarrollo Ambiental,14/10/2020 8:00,0.00,0.00,88.61,0.00,42.01,9.80,7.37,97.81,0.43,95.25,-12.11,-77.05,100651.52,16.30
496,10069,150122,PE,Subgerencia de Desarrollo Ambiental,22/10/2020 4:00,0.00,0.00,84.39,0.00,92.80,20.37,7.17,74.24,0.00,98.60,-12.11,-77.05,100500.24,15.56
315,10069,150122,PE,Subgerencia de Desarrollo Ambiental,14/10/2020 15:00,0.00,0.00,84.13,0.00,26.29,6.61,8.00,100.96,1.26,87.64,-12.11,-77.05,100604.46,17.98
490,10069,150122,PE,Subgerencia de Desarrollo Ambiental,21/10/2020 22:00,0.00,0.00,111.34,0.00,139.24,21.38,7.25,90.18,0.00,92.88,-12.11,-77.05,100686.27,16.44
258,10069,150122,PE,Subgerencia de Desarrollo Ambiental,12/10/2020 6:00,0.00,0.00,94.53,0.00,41.42,13.36,7.22,84.38,0.00,96.20,-12.11,-77.05,100680.04,15.99
695,10069,150122,PE,Subgerencia de Desarrollo Ambiental,30/10/2020 11:00,0.00,0.00,55.14,0.00,24.51,8.24,8.20,97.50,1.53,91.11,-12.11,-77.05,1007.09,18.55
231,10069,150122,PE,Subgerencia de Desarrollo Ambiental,11/10/2020 3:00,0.00,0.00,92.31,0.00,57.01,16.47,7.23,66.67,0.00,97.42,-12.11,-77.05,100611.65,15.97
390,10069,150122,PE,Subgerencia de Desarrollo Ambiental,17/10/2020 18:00,0.00,0.00,112.03,0.00,86.43,13.35,7.52,95.38,0.05,91.71,-12.11,-77.05,100447.19,17.33
151,10069,150122,PE,Subgerencia de Desarrollo Ambiental,07/10/2020 13:00,0.00,0.00,66.94,0.00,31.75,9.23,8.14,100.79,1.78,87.48,-12.11,-77.05,100670.26,18.15
245,10069,150122,PE,Subgerencia de Desarrollo Ambiental,11/10/2020 17:00,0.00,0.00,84.63,0.00,27.33,9.56,8.21,100.64,0.24,84.29,-12.11,-77.05,100474.92,19.04
581,10069,150122,PE,Subgerencia de Desarrollo Ambiental,25/10/2020 17:00,0.00,0.00,86.06,0.00,43.34,10.10,7.80,101.79,0.50,89.40,-12.11,-77.05,100609.39,18.07
188,10069,150122,PE,Subgerencia de Desarrollo Ambiental,09/10/2020 8:00,23.78,0.09,112.42,0.00,53.88,12.24,7.36,101.79,0.17,97.14,-12.11,-77.05,100826.85,16.13
689,10069,150122,PE,Subgerencia de Desarrollo Ambiental,30/10/2020 5:00,0.00,0.00,90.86,0.00,43.42,14.92,7.21,76.74,0.00,97.60,-12.11,-77.05,1005.66,15.61
558,10069,150122,PE,Subgerencia de Desarrollo Ambiental,24/10/2020 18:00,0.00,0.00,110.30,0.00,31.71,9.34,7.62,97.97,0.14,89.65,-12.11,-77.05,100730.45,17.50
63,10069,150122,PE,Subgerencia de Desarrollo Ambiental,03/10/2020 16:00,13.30,0.00,101.94,0.00,94.67,17.38,7.48,97.09,0.34,93.30,-12.11,-77.05,100397.42,16.83
244,10069,150122,PE,Subgerencia de Desarrollo Ambiental,11/10/2020 16:00,0.00,0.00,81.36,0.00,23.79,9.11,8.26,92.10,0.68,84.93,-12.11,-77.05,100462.69,19.15
135,10069,150122,PE,Subgerencia de Desarrollo Ambiental,06/10/2020 16:00,0.00,0.00,86.96,0.00,22.11,7.24,8.20,99.36,0.65,85.07,-12.11,-77.05,100665.99,19.00
488,10069,150122,PE,Subgerencia de Desarrollo Ambiental,21/10/2020 20:00,0.00,0.00,127.10,0.00,156.37,23.28,7.22,101.14,0.00,91.16,-12.11,-77.05,100649.97,16.66
106,10069,150122,PE,Subgerencia de Desarrollo Ambiental,05/10/2020 11:00,189.82,0.00,80.82,0.00,35.59,9.63,8.51,99.67,1.59,80.11,-12.11,-77.05,100795.93,19.70
535,10069,150122,PE,Subgerencia de Desarrollo Ambiental,23/10/2020 19:00,0.00,0.00,125.61,0.00,65.36,15.56,7.31,97.82,0.00,93.98,-12.11,-77.05,100777.32,16.74
552,10069,150122,PE,Subgerencia de Desarrollo Ambiental,24/10/2020 12:00,0.00,0.00,35.66,0.31,23.93,9.61,8.46,98.62,2.83,89.27,-12.11,-77.05,100889.81,18.27
